Article,Fig,X_axis_label,Rate,PEP,ADP,Pyruvate,ATP,F16BP,Phenylalanine,pH,Ionic strength,Species,Raw_X,Raw_Y,Vmax,Notes
Ikeda_JBC_1998,Fig2,PEP,0.107660846,1.12474E-05,2.00E-03,0,0,5.00E-04,0,7.5,0.15,rat,11.24744376,0.107660846,1,
Ikeda_JBC_1998,Fig2,PEP,0.233506371,2.14724E-05,2.00E-03,0,0,5.00E-04,0,7.5,0.15,rat,21.47239264,0.233506371,1,
Ikeda_JBC_1998,Fig2,PEP,0.432056287,3.98773E-05,2.00E-03,0,0,5.00E-04,0,7.5,0.15,rat,39.87730061,0.432056287,1,
Ikeda_JBC_1998,Fig2,PEP,0.634744805,7.87321E-05,2.00E-03,0,0,5.00E-04,0,7.5,0.15,rat,78.73210634,0.634744805,1,
Ikeda_JBC_1998,Fig2,PEP,0.798152359,0.000160532,2.00E-03,0,0,5.00E-04,0,7.5,0.15,rat,160.5316973,0.798152359,1,
Ikeda_JBC_1998,Fig2,PEP,0.899801221,0.000321063,2.00E-03,0,0,5.00E-04,0,7.5,0.15,rat,321.0633947,0.899801221,1,
Ikeda_JBC_1998,Fig2,PEP,0.925931328,0.00047955,2.00E-03,0,0,5.00E-04,0,7.5,0.15,rat,479.5501022,0.925931328,1,
Ikeda_JBC_1998,Fig2,PEP,0.953454317,0.000640082,2.00E-03,0,0,5.00E-04,0,7.5,0.15,rat,640.0817996,0.953454317,1,
Ikeda_JBC_1998,Fig2,PEP,0.981932587,0.0009591,2.00E-03,0,0,5.00E-04,0,7.5,0.15,rat,959.1002045,0.981932587,1,
Ikeda_JBC_1998,Fig2,PEP,0.016726014,2.04499E-05,2.00E-03,0,0,0,0,7.5,0.15,rat,20.44989775,0.016726014,1,
Ikeda_JBC_1998,Fig2,PEP,0.039043574,4.19223E-05,2.00E-03,0,0,0,0,7.5,0.15,rat,41.92229039,0.039043574,1,
Ikeda_JBC_1998,Fig2,PEP,0.132641183,8.07771E-05,2.00E-03,0,0,0,0,7.5,0.15,rat,80.77709611,0.132641183,1,
Ikeda_JBC_1998,Fig2,PEP,0.289172995,0.000120654,2.00E-03,0,0,0,0,7.5,0.15,rat,120.6543967,0.289172995,1,
Ikeda_JBC_1998,Fig2,PEP,0.414935576,0.000160532,2.00E-03,0,0,0,0,7.5,0.15,rat,160.5316973,0.414935576,1,
Ikeda_JBC_1998,Fig2,PEP,0.670656542,0.000240286,2.00E-03,0,0,0,0,7.5,0.15,rat,240.2862986,0.670656542,1,
Ikeda_JBC_1998,Fig2,PEP,0.790713172,0.000320041,2.00E-03,0,0,0,0,7.5,0.15,rat,320.0408998,0.790713172,1,
Ikeda_JBC_1998,Fig2,PEP,0.892362035,0.000480573,2.00E-03,0,0,0,0,7.5,0.15,rat,480.5725971,0.892362035,1,
Ikeda_JBC_1998,Fig2,PEP,0.933873897,0.000640082,2.00E-03,0,0,0,0,7.5,0.15,rat,640.0817996,0.933873897,1,
Ikeda_JBC_1998,Fig2,PEP,0.980533985,0.0009591,2.00E-03,0,0,0,0,7.5,0.15,rat,959.1002045,0.980533985,1,
Ikeda_JBC_1998,Fig3,PEP,0.0355494,4.29363E-05,2.00E-03,0,0,0,0,7.5,0.15,rat,42.93628809,0.0355494,1,
Ikeda_JBC_1998,Fig3,PEP,0.128224396,8.16438E-05,2.00E-03,0,0,0,0,7.5,0.15,rat,81.6437791,0.128224396,1,
Ikeda_JBC_1998,Fig3,PEP,0.28076806,0.000121508,2.00E-03,0,0,0,0,7.5,0.15,rat,121.5079272,0.28076806,1,
Ikeda_JBC_1998,Fig3,PEP,0.412904462,0.000161593,2.00E-03,0,0,0,0,7.5,0.15,rat,161.5930925,0.412904462,1,
Ikeda_JBC_1998,Fig3,PEP,0.666286026,0.000240076,2.00E-03,0,0,0,0,7.5,0.15,rat,240.0763246,0.666286026,1,
Ikeda_JBC_1998,Fig3,PEP,0.789061119,0.000319974,2.00E-03,0,0,0,0,7.5,0.15,rat,319.9740673,0.789061119,1,
Ikeda_JBC_1998,Fig3,PEP,0.897187678,0.000477648,2.00E-03,0,0,0,0,7.5,0.15,rat,477.6477869,0.897187678,1,
Ikeda_JBC_1998,Fig3,PEP,0.938657885,0.000637848,2.00E-03,0,0,0,0,7.5,0.15,rat,637.8484706,0.938657885,1,
Ikeda_JBC_1998,Fig3,PEP,0.984857861,0.000956843,2.00E-03,0,0,0,0,7.5,0.15,rat,956.8426946,0.984857861,1,
Ikeda_JBC_1998,Fig3,PEP,0.976631107,0.001274621,2.00E-03,0,0,0,0,7.5,0.15,rat,1274.621324,0.976631107,1,
Ikeda_JBC_1998,Fig3,PEP,0.053405139,8.42592E-05,2.00E-03,0,0,0,5.00E-05,7.5,0.15,rat,84.25915011,0.053405139,1,
Ikeda_JBC_1998,Fig3,PEP,0.12840121,0.000124963,2.00E-03,0,0,0,5.00E-05,7.5,0.15,rat,124.9631638,0.12840121,1,
Ikeda_JBC_1998,Fig3,PEP,0.231960079,0.000163553,2.00E-03,0,0,0,5.00E-05,7.5,0.15,rat,163.5527789,0.231960079,1,
Ikeda_JBC_1998,Fig3,PEP,0.485341644,0.000242036,2.00E-03,0,0,0,5.00E-05,7.5,0.15,rat,242.0360111,0.485341644,1,
Ikeda_JBC_1998,Fig3,PEP,0.65164486,0.000319657,2.00E-03,0,0,0,5.00E-05,7.5,0.15,rat,319.6572759,0.65164486,1,
Ikeda_JBC_1998,Fig3,PEP,0.837319011,0.000476491,2.00E-03,0,0,0,5.00E-05,7.5,0.15,rat,476.4911298,0.837319011,1,
Ikeda_JBC_1998,Fig3,PEP,0.915522288,0.000636294,2.00E-03,0,0,0,5.00E-05,7.5,0.15,rat,636.2939824,0.915522288,1,
Ikeda_JBC_1998,Fig3,PEP,0.954919844,0.000955362,2.00E-03,0,0,0,5.00E-05,7.5,0.15,rat,955.3618789,0.954919844,1,
Ikeda_JBC_1998,Fig3,PEP,1.001127188,0.001276161,2.00E-03,0,0,0,5.00E-05,7.5,0.15,rat,1276.161077,1.001127188,1,
Ikeda_JBC_1998,Fig3,PEP,0.997151333,0.00163541,2.00E-03,0,0,0,5.00E-05,7.5,0.15,rat,1635.409913,0.997151333,1,
Ikeda_JBC_1998,Fig3,PEP,0.022114006,8.4598E-05,2.00E-03,0,0,0,1.00E-04,7.5,0.15,rat,84.59804326,0.022114006,1,
Ikeda_JBC_1998,Fig3,PEP,0.106795544,0.000164908,2.00E-03,0,0,0,1.00E-04,7.5,0.15,rat,164.9083515,0.106795544,1,
Ikeda_JBC_1998,Fig3,PEP,0.264935856,0.000242618,2.00E-03,0,0,0,1.00E-04,7.5,0.15,rat,242.6180232,0.264935856,1,
Ikeda_JBC_1998,Fig3,PEP,0.443490796,0.000321912,2.00E-03,0,0,0,1.00E-04,7.5,0.15,rat,321.911652,0.443490796,1,
Ikeda_JBC_1998,Fig3,PEP,0.683591678,0.000479961,2.00E-03,0,0,0,1.00E-04,7.5,0.15,rat,479.961101,0.683591678,1,
Ikeda_JBC_1998,Fig3,PEP,0.817567435,0.000637355,2.00E-03,0,0,0,1.00E-04,7.5,0.15,rat,637.3548653,0.817567435,1,
Ikeda_JBC_1998,Fig3,PEP,0.927710163,0.000955657,2.00E-03,0,0,0,1.00E-04,7.5,0.15,rat,955.6565686,0.927710163,1,
Ikeda_JBC_1998,Fig3,PEP,0.948060942,0.001274931,2.00E-03,0,0,0,1.00E-04,7.5,0.15,rat,1274.930748,0.948060942,1,
Ikeda_JBC_1998,Fig3,PEP,0.97946504,0.001635601,2.00E-03,0,0,0,1.00E-04,7.5,0.15,rat,1635.601462,0.97946504,1,
Ikeda_JBC_1998,Fig3,PEP,0.045566394,0.000163766,2.00E-03,0,0,0,2.00E-04,7.5,0.15,rat,163.766429,0.045566394,1,
Ikeda_JBC_1998,Fig3,PEP,0.225805976,0.000322464,2.00E-03,0,0,0,2.00E-04,7.5,0.15,rat,322.4641952,0.225805976,1,
Ikeda_JBC_1998,Fig3,PEP,0.471341427,0.00047865,2.00E-03,0,0,0,2.00E-04,7.5,0.15,rat,478.6497318,0.471341427,1,
Ikeda_JBC_1998,Fig3,PEP,0.66247225,0.000639035,2.00E-03,0,0,0,2.00E-04,7.5,0.15,rat,639.0345966,0.66247225,1,
Ikeda_JBC_1998,Fig3,PEP,0.850169938,0.000958301,2.00E-03,0,0,0,2.00E-04,7.5,0.15,rat,958.3014086,0.850169938,1,
Ikeda_JBC_1998,Fig3,PEP,0.922226479,0.001278821,2.00E-03,0,0,0,2.00E-04,7.5,0.15,rat,1278.820652,0.922226479,1,
Ikeda_JBC_1998,Fig3,PEP,0.952255358,0.001635896,2.00E-03,0,0,0,2.00E-04,7.5,0.15,rat,1635.896151,0.952255358,1,
Ikeda_JBC_1998,Fig4,F16BP,0.168991287,1.00E-04,2.00E-03,0,0,0,0.00E+00,7.5,0.15,rat,0,0.168991287,1,
Ikeda_JBC_1998,Fig4,F16BP,0.244507544,1.00E-04,2.00E-03,0,0,2.02205E-08,0.00E+00,7.5,0.15,rat,0.0202205,0.244507544,1,
Ikeda_JBC_1998,Fig4,F16BP,0.378681934,1.00E-04,2.00E-03,0,0,4.08794E-08,0.00E+00,7.5,0.15,rat,0.04087941,0.378681934,1,
Ikeda_JBC_1998,Fig4,F16BP,0.556244104,1.00E-04,2.00E-03,0,0,8.12335E-08,0.00E+00,7.5,0.15,rat,0.081233467,0.556244104,1,
Ikeda_JBC_1998,Fig4,F16BP,0.743761446,1.00E-04,2.00E-03,0,0,1.59959E-07,0.00E+00,7.5,0.15,rat,0.159958564,0.743761446,1,
Ikeda_JBC_1998,Fig4,F16BP,0.854853031,1.00E-04,2.00E-03,0,0,3.22431E-07,0.00E+00,7.5,0.15,rat,0.322431048,0.854853031,1,
Ikeda_JBC_1998,Fig4,F16BP,0.880069307,1.00E-04,2.00E-03,0,0,6.38887E-07,0.00E+00,7.5,0.15,rat,0.638887142,0.880069307,1,
Ikeda_JBC_1998,Fig4,F16BP,0.915169845,1.00E-04,2.00E-03,0,0,1.27848E-06,0.00E+00,7.5,0.15,rat,1.278482769,0.915169845,1,
Dombrauckas_Biochem_2005,Fig5A,PEP,0.083069904,1.37E-05,5.00E-03,0,0,2.00E-03,0.00E+00,8,0.2,human,0.013701333,20.6013363,248,refolded protein
Dombrauckas_Biochem_2005,Fig5A,PEP,0.213287592,5.33E-05,5.00E-03,0,0,2.00E-03,0.00E+00,8,0.2,human,0.053311156,52.89532294,248,refolded protein
Dombrauckas_Biochem_2005,Fig5A,PEP,0.32554422,9.27E-05,5.00E-03,0,0,2.00E-03,0.00E+00,8,0.2,human,0.092695441,80.73496659,248,refolded protein
Dombrauckas_Biochem_2005,Fig5A,PEP,0.523115885,2.34E-04,5.00E-03,0,0,2.00E-03,0.00E+00,8,0.2,human,0.234416848,129.7327394,248,refolded protein
Dombrauckas_Biochem_2005,Fig5A,PEP,0.64210791,5.02E-04,5.00E-03,0,0,2.00E-03,0.00E+00,8,0.2,human,0.501733811,159.2427617,248,refolded protein
Dombrauckas_Biochem_2005,Fig5A,PEP,0.776815863,9.97E-04,5.00E-03,0,0,2.00E-03,0.00E+00,8,0.2,human,0.997096219,192.6503341,248,refolded protein
Dombrauckas_Biochem_2005,Fig5A,PEP,0.830699044,2.00E-03,5.00E-03,0,0,2.00E-03,0.00E+00,8,0.2,human,1.997772829,206.013363,248,refolded protein
Dombrauckas_Biochem_2005,Fig5A,PEP,0.830699044,5.01E-03,5.00E-03,0,0,2.00E-03,0.00E+00,8,0.2,human,5.010431056,206.013363,248,refolded protein
Dombrauckas_Biochem_2005,Fig5A,PEP,0.015715928,8.88E-05,5.00E-03,0,0,0.00E+00,0.00E+00,8,0.2,human,0.088804939,3.897550111,248,refolded protein
Dombrauckas_Biochem_2005,Fig5A,PEP,0.044902651,2.41E-04,5.00E-03,0,0,0.00E+00,0.00E+00,8,0.2,human,0.24107017,11.13585746,248,refolded protein
Dombrauckas_Biochem_2005,Fig5A,PEP,0.143688483,4.95E-04,5.00E-03,0,0,0.00E+00,0.00E+00,8,0.2,human,0.495475177,35.63474388,248,refolded protein
Dombrauckas_Biochem_2005,Fig5A,PEP,0.339015015,9.92E-04,5.00E-03,0,0,0.00E+00,0.00E+00,8,0.2,human,0.991598771,84.07572383,248,refolded protein
Dombrauckas_Biochem_2005,Fig5A,PEP,0.574753933,1.99E-03,5.00E-03,0,0,0.00E+00,0.00E+00,8,0.2,human,1.994558935,142.5389755,248,refolded protein
Dombrauckas_Biochem_2005,Fig5A,PEP,0.653333573,3.00E-03,5.00E-03,0,0,0.00E+00,0.00E+00,8,0.2,human,2.995545657,162.0267261,248,refolded protein
Dombrauckas_Biochem_2005,Fig5A,PEP,0.779060996,5.01E-03,5.00E-03,0,0,0.00E+00,0.00E+00,8,0.2,human,5.009782639,193.2071269,248,refolded protein
Dombrauckas_Biochem_2005,Fig5B,ADP,0.072327499,5.00E-03,1.92E-05,0,0,2.00E-03,0.00E+00,8,0.2,human,0.019230769,17.93721973,248,refolded protein
Dombrauckas_Biochem_2005,Fig5B,ADP,0.153695935,5.00E-03,4.49E-05,0,0,2.00E-03,0.00E+00,8,0.2,human,0.044871795,38.11659193,248,refolded protein
Dombrauckas_Biochem_2005,Fig5B,ADP,0.255406481,5.00E-03,9.62E-05,0,0,2.00E-03,0.00E+00,8,0.2,human,0.096153846,63.34080717,248,refolded protein
Dombrauckas_Biochem_2005,Fig5B,ADP,0.357117026,5.00E-03,1.99E-04,0,0,2.00E-03,0.00E+00,8,0.2,human,0.198717949,88.56502242,248,refolded protein
Dombrauckas_Biochem_2005,Fig5B,ADP,0.571839288,5.00E-03,5.00E-04,0,0,2.00E-03,0.00E+00,8,0.2,human,0.5,141.8161435,248,refolded protein
Dombrauckas_Biochem_2005,Fig5B,ADP,0.698412411,5.00E-03,9.94E-04,0,0,2.00E-03,0.00E+00,8,0.2,human,0.993589744,173.206278,248,refolded protein
Dombrauckas_Biochem_2005,Fig5B,ADP,0.782041082,5.00E-03,2.99E-03,0,0,2.00E-03,0.00E+00,8,0.2,human,2.987179487,193.9461883,248,refolded protein
Dombrauckas_Biochem_2005,Fig5B,ADP,0.725535223,5.00E-03,7.50E-04,0,0,2.00E-03,0.00E+00,8,0.2,human,0.75,179.9327354,248,refolded protein
Dombrauckas_Biochem_2005,Fig5B,ADP,0.074587733,5.00E-03,2.56E-05,0,0,0.00E+00,0.00E+00,8,0.2,human,0.025641026,18.49775785,248,refolded protein
Dombrauckas_Biochem_2005,Fig5B,ADP,0.140134529,5.00E-03,6.41E-05,0,0,0.00E+00,0.00E+00,8,0.2,human,0.064102564,34.75336323,248,refolded protein
Dombrauckas_Biochem_2005,Fig5B,ADP,0.203421091,5.00E-03,1.03E-04,0,0,0.00E+00,0.00E+00,8,0.2,human,0.102564103,50.44843049,248,refolded protein
Dombrauckas_Biochem_2005,Fig5B,ADP,0.381979604,5.00E-03,1.99E-04,0,0,0.00E+00,0.00E+00,8,0.2,human,0.198717949,94.7309417,248,refolded protein
Dombrauckas_Biochem_2005,Fig5B,ADP,0.623824678,5.00E-03,4.94E-04,0,0,0.00E+00,0.00E+00,8,0.2,human,0.493589744,154.7085202,248,refolded protein
Dombrauckas_Biochem_2005,Fig5B,ADP,0.705193114,5.00E-03,7.56E-04,0,0,0.00E+00,0.00E+00,8,0.2,human,0.756410256,174.8878924,248,refolded protein
Dombrauckas_Biochem_2005,Fig5B,ADP,0.736836395,5.00E-03,1.00E-03,0,0,0.00E+00,0.00E+00,8,0.2,human,1,182.735426,248,refolded protein
Dombrauckas_Biochem_2005,Fig5B,ADP,0.922175611,5.00E-03,3.00E-03,0,0,0.00E+00,0.00E+00,8,0.2,human,3,228.6995516,248,refolded protein
Imamura_JBiochem_1972,Fig5,PEP,0.29863217,5.17E-05,5.00E-04,0,0,2.00E-04,0.00E+00,7.4,0.14,rat,0.051702434,0.119452868,0.4,
Imamura_JBiochem_1972,Fig5,PEP,0.468799882,9.39E-05,5.00E-04,0,0,2.00E-04,0.00E+00,7.4,0.14,rat,0.093939931,0.187519953,0.4,
Imamura_JBiochem_1972,Fig5,PEP,0.545711146,2.04E-04,5.00E-04,0,0,2.00E-04,0.00E+00,7.4,0.14,rat,0.203859514,0.218284459,0.4,
Imamura_JBiochem_1972,Fig5,PEP,0.669214947,3.02E-04,5.00E-04,0,0,2.00E-04,0.00E+00,7.4,0.14,rat,0.302159892,0.267685979,0.4,
Imamura_JBiochem_1972,Fig5,PEP,0.768058217,7.56E-04,5.00E-04,0,0,2.00E-04,0.00E+00,7.4,0.14,rat,0.755750122,0.307223287,0.4,
Imamura_JBiochem_1972,Fig5,PEP,0.786934018,1.00E-03,5.00E-04,0,0,2.00E-04,0.00E+00,7.4,0.14,rat,1.002418144,0.314773607,0.4,
Imamura_JBiochem_1972,Fig5,PEP,0.841527194,2.01E-03,5.00E-04,0,0,2.00E-04,0.00E+00,7.4,0.14,rat,2.00906696,0.336610878,0.4,
Imamura_JBiochem_1972,Fig5,PEP,0.035259918,4.48E-05,5.00E-04,0,0,0.00E+00,0.00E+00,7.4,0.14,rat,0.044824349,0.014103967,0.4,
Imamura_JBiochem_1972,Fig5,PEP,0.105838153,9.81E-05,5.00E-04,0,0,0.00E+00,0.00E+00,7.4,0.14,rat,0.098110041,0.042335261,0.4,
Imamura_JBiochem_1972,Fig5,PEP,0.25503744,1.97E-04,5.00E-04,0,0,0.00E+00,0.00E+00,7.4,0.14,rat,0.196687272,0.102014976,0.4,
Imamura_JBiochem_1972,Fig5,PEP,0.322319385,3.02E-04,5.00E-04,0,0,0.00E+00,0.00E+00,7.4,0.14,rat,0.3024627,0.128927754,0.4,
Imamura_JBiochem_1972,Fig5,PEP,0.434419191,5.02E-04,5.00E-04,0,0,0.00E+00,0.00E+00,7.4,0.14,rat,0.501650308,0.173767676,0.4,
Imamura_JBiochem_1972,Fig5,PEP,0.535192868,7.53E-04,5.00E-04,0,0,0.00E+00,0.00E+00,7.4,0.14,rat,0.753241135,0.214077147,0.4,
Imamura_JBiochem_1972,Fig5,PEP,0.582976091,1.00E-03,5.00E-04,0,0,0.00E+00,0.00E+00,7.4,0.14,rat,1.000220618,0.233190436,0.4,
Imamura_JBiochem_1972,Fig5,PEP,0.651221617,1.51E-03,5.00E-04,0,0,0.00E+00,0.00E+00,7.4,0.14,rat,1.506006428,0.260488647,0.4,
Imamura_JBiochem_1972,Fig5,PEP,0.746768598,2.01E-03,5.00E-04,0,0,0.00E+00,0.00E+00,7.4,0.14,rat,2.012086396,0.298707439,0.4,
Imamura_JBiochem_1972,Fig6,ATP,0.415669164,2.00E-03,5.00E-04,0,0,2.00E-04,0.00E+00,7.4,0.14,rat,0,0.166267666,0.4,
Imamura_JBiochem_1972,Fig6,ATP,0.386717053,2.00E-03,5.00E-04,0,0.000527863,2.00E-04,0.00E+00,7.4,0.14,rat,0.527863337,0.154686821,0.4,
Imamura_JBiochem_1972,Fig6,ATP,0.351992093,2.00E-03,5.00E-04,0,0.001047939,2.00E-04,0.00E+00,7.4,0.14,rat,1.047939017,0.140796837,0.4,
Imamura_JBiochem_1972,Fig6,ATP,0.300697395,2.00E-03,5.00E-04,0,0.002022045,2.00E-04,0.00E+00,7.4,0.14,rat,2.022045059,0.120278958,0.4,
Imamura_JBiochem_1972,Fig6,ATP,0.165773249,2.00E-03,5.00E-04,0,0.004999676,2.00E-04,0.00E+00,7.4,0.14,rat,4.999675514,0.0663093,0.4,
Imamura_JBiochem_1972,Fig6,ATP,0.09781696,2.00E-03,5.00E-04,0,0.006984679,2.00E-04,0.00E+00,7.4,0.14,rat,6.984679283,0.039126784,0.4,
Imamura_JBiochem_1972,Fig6,ATP,0.050310258,2.00E-03,5.00E-04,0,0.009994059,2.00E-04,0.00E+00,7.4,0.14,rat,9.994059416,0.020124103,0.4,
Imamura_JBiochem_1972,Fig6,ATP,0.395051843,2.00E-03,5.00E-04,0,0,0.00E+00,0.00E+00,7.4,0.14,rat,0,0.158020737,0.4,
Imamura_JBiochem_1972,Fig6,ATP,0.343829031,2.00E-03,5.00E-04,0,0.0005365,0.00E+00,0.00E+00,7.4,0.14,rat,0.536499648,0.137531612,0.4,
Imamura_JBiochem_1972,Fig6,ATP,0.30993675,2.00E-03,5.00E-04,0,0.001008452,0.00E+00,0.00E+00,7.4,0.14,rat,1.008451604,0.1239747,0.4,
Imamura_JBiochem_1972,Fig6,ATP,0.23884543,2.00E-03,5.00E-04,0,0.001999581,0.00E+00,0.00E+00,7.4,0.14,rat,1.999580665,0.095538172,0.4,
Imamura_JBiochem_1972,Fig6,ATP,0.172698273,2.00E-03,5.00E-04,0,0.003016719,0.00E+00,0.00E+00,7.4,0.14,rat,3.016718501,0.069079309,0.4,
Imamura_JBiochem_1972,Fig6,ATP,0.083303963,2.00E-03,5.00E-04,0,0.004969723,0.00E+00,0.00E+00,7.4,0.14,rat,4.969722989,0.033321585,0.4,
Imamura_JBiochem_1972,Fig6,ATP,0.031012845,2.00E-03,5.00E-04,0,0.006984629,0.00E+00,0.00E+00,7.4,0.14,rat,6.984629362,0.012405138,0.4,
Imamura_JBiochem_1972,Fig6,ATP,0.009900308,2.00E-03,5.00E-04,0,0.009979383,0.00E+00,0.00E+00,7.4,0.14,rat,9.979382678,0.003960123,0.4,
Imamura_JBiochem_1972,Fig12,Phenylalanine,1.001956947,2.00E-03,5.00E-04,0,0,0.00E+00,0.00E+00,7.4,0.14,rat,5.78978E-05,100.1956947,100,ADP and PEP concentration not indicated in figure
Imamura_JBiochem_1972,Fig12,Phenylalanine,0.530332681,2.00E-03,5.00E-04,0,0,0.00E+00,5.00E-04,7.4,0.14,rat,0.459477298,53.0332681,100,ADP and PEP concentration not indicated in figure
Imamura_JBiochem_1972,Fig12,Phenylalanine,0.311154599,2.00E-03,5.00E-04,0,0,0.00E+00,1.00E-03,7.4,0.14,rat,1.015122917,31.11545988,100,ADP and PEP concentration not indicated in figure
Imamura_JBiochem_1972,Fig12,Phenylalanine,0.099804305,2.00E-03,5.00E-04,0,0,0.00E+00,2.50E-03,7.4,0.14,rat,2.50295279,9.980430528,100,ADP and PEP concentration not indicated in figure
Imamura_JBiochem_1972,Fig12,Phenylalanine,0.04109589,2.00E-03,5.00E-04,0,0,0.00E+00,5.00E-03,7.4,0.14,rat,5.016008754,4.109589041,100,ADP and PEP concentration not indicated in figure
Schering_BBA_1982,Fig2,Phenylalanine,1.002739685,1.00E-03,1.00E-03,0,0,0.00E+00,0,7.1,0.08,rat,0,100.2739685,100,"ADP, PEP conc inferred from methods"
Schering_BBA_1982,Fig2,Phenylalanine,0.333607053,1.00E-03,1.00E-03,0,0,0.00E+00,0.000500907,7.1,0.08,rat,0.500907007,33.3607053,100,"ADP, PEP conc inferred from methods"
Schering_BBA_1982,Fig2,Phenylalanine,0.246444755,1.00E-03,1.00E-03,0,0,0.00E+00,0.000993901,7.1,0.08,rat,0.993901028,24.64447547,100,"ADP, PEP conc inferred from methods"
Schering_BBA_1982,Fig2,Phenylalanine,0.213934322,1.00E-03,1.00E-03,0,0,0.00E+00,0.00149981,7.1,0.08,rat,1.49980964,21.39343222,100,"ADP, PEP conc inferred from methods"
Schering_BBA_1982,Fig2,Phenylalanine,0.118575364,1.00E-03,1.00E-03,0,0,0.00E+00,0.001992916,7.1,0.08,rat,1.992915637,11.85753637,100,"ADP, PEP conc inferred from methods"
Schering_BBA_1982,Fig2,Phenylalanine,0.107922692,1.00E-03,1.00E-03,0,0,0.00E+00,0.002498526,7.1,0.08,rat,2.498525646,10.79226916,100,"ADP, PEP conc inferred from methods"
Schering_BBA_1982,Fig2,Phenylalanine,0.105451749,1.00E-03,1.00E-03,0,0,0.00E+00,0.002976701,7.1,0.08,rat,2.976701479,10.54517494,100,"ADP, PEP conc inferred from methods"
Schering_BBA_1982,Fig2,Phenylalanine,0.086878625,1.00E-03,1.00E-03,0,0,0.00E+00,0.003987884,7.1,0.08,rat,3.987884172,8.687862523,100,"ADP, PEP conc inferred from methods"
Schering_BBA_1982,Fig2,Phenylalanine,0.084698821,1.00E-03,1.00E-03,0,0,0.00E+00,0.004998843,7.1,0.08,rat,4.998842912,8.469882126,100,"ADP, PEP conc inferred from methods"
Schering_BBA_1982,Fig2,Phenylalanine,1.005390757,1.00E-03,1.00E-03,0,0,2.00E-04,0,7.1,0.08,rat,0,100.5390757,100,"ADP, PEP conc inferred from methods"
Schering_BBA_1982,Fig2,Phenylalanine,0.944085383,1.00E-03,1.00E-03,0,0,2.00E-04,0.000499406,7.1,0.08,rat,0.499405857,94.40853826,100,"ADP, PEP conc inferred from methods"
Schering_BBA_1982,Fig2,Phenylalanine,0.931137421,1.00E-03,1.00E-03,0,0,2.00E-04,0.000957801,7.1,0.08,rat,0.957801382,93.11374208,100,"ADP, PEP conc inferred from methods"
Schering_BBA_1982,Fig2,Phenylalanine,0.942455113,1.00E-03,1.00E-03,0,0,2.00E-04,0.001483255,7.1,0.08,rat,1.483255322,94.24551132,100,"ADP, PEP conc inferred from methods"
Schering_BBA_1982,Fig2,Phenylalanine,0.918812584,1.00E-03,1.00E-03,0,0,2.00E-04,0.001995703,7.1,0.08,rat,1.995703334,91.88125842,100,"ADP, PEP conc inferred from methods"
Schering_BBA_1982,Fig2,Phenylalanine,0.879041257,1.00E-03,1.00E-03,0,0,2.00E-04,0.002508369,7.1,0.08,rat,2.508368716,87.90412567,100,"ADP, PEP conc inferred from methods"
Schering_BBA_1982,Fig2,Phenylalanine,0.852710595,1.00E-03,1.00E-03,0,0,2.00E-04,0.003020853,7.1,0.08,rat,3.020852957,85.27105946,100,"ADP, PEP conc inferred from methods"
Schering_BBA_1982,Fig2,Phenylalanine,0.818808237,1.00E-03,1.00E-03,0,0,2.00E-04,0.00399166,7.1,0.08,rat,3.991660266,81.88082368,100,"ADP, PEP conc inferred from methods"
Schering_BBA_1982,Fig2,Phenylalanine,0.779558596,1.00E-03,1.00E-03,0,0,2.00E-04,0.004989494,7.1,0.08,rat,4.989493819,77.95585955,100,"ADP, PEP conc inferred from methods"
Corcoran_BBA_1976,Fig2,ADP,0.233532934,1.00E-04,2.26E-03,0,0,0.00E+00,0,7.1,0.16,rat,0.443418014,3.121495327,0.728971963,
Corcoran_BBA_1976,Fig2,ADP,0.179723502,1.00E-04,9.02E-04,0,0,0.00E+00,0,7.1,0.16,rat,1.108545035,4.056074766,0.728971963,
Corcoran_BBA_1976,Fig2,ADP,0.163865546,1.00E-04,7.12E-04,0,0,0.00E+00,0,7.1,0.16,rat,1.404157044,4.448598131,0.728971963,
Corcoran_BBA_1976,Fig2,ADP,0.140794224,1.00E-04,5.36E-04,0,0,0.00E+00,0,7.1,0.16,rat,1.866050808,5.177570093,0.728971963,
Corcoran_BBA_1976,Fig2,ADP,0.100515464,1.00E-04,3.08E-04,0,0,0.00E+00,0,7.1,0.16,rat,3.251732102,7.252336449,0.728971963,
Corcoran_BBA_1976,Fig2,ADP,0.609375,5.00E-03,7.52E-04,0,0,0.00E+00,0,7.1,0.16,rat,1.330254042,1.196261682,0.728971963,
Corcoran_BBA_1976,Fig2,ADP,0.386138614,5.00E-03,3.11E-04,0,0,0.00E+00,0,7.1,0.16,rat,3.2147806,1.887850467,0.728971963,
Corcoran_BBA_1976,Fig2,ADP,0.30952381,5.00E-03,2.20E-04,0,0,0.00E+00,0,7.1,0.16,rat,4.545034642,2.355140187,0.728971963,
Corcoran_BBA_1976,Fig2,ADP,0.242236025,5.00E-03,1.58E-04,0,0,0.00E+00,0,7.1,0.16,rat,6.337182448,3.009345794,0.728971963,
Corcoran_BBA_1977,Fig3,PEP,0.954532898,5.34E-03,3.00E-03,0,0,0.00E+00,0,7.1,0.16,rat,0.187296417,0.763694959,0.728971963,
Corcoran_BBA_1977,Fig3,PEP,0.803775804,1.92E-03,3.00E-03,0,0,0.00E+00,0,7.1,0.16,rat,0.521172638,0.906934445,0.728971963,
Corcoran_BBA_1977,Fig3,PEP,0.647352783,9.90E-04,3.00E-03,0,0,0.00E+00,0,7.1,0.16,rat,1.009771987,1.126081454,0.728971963,
Corcoran_BBA_1977,Fig3,PEP,0.397372988,4.04E-04,3.00E-03,0,0,0.00E+00,0,7.1,0.16,rat,2.475570033,1.834477894,0.728971963,
Corcoran_BBA_1977,Fig3,PEP,0.248030851,2.07E-04,3.00E-03,0,0,0.00E+00,0,7.1,0.16,rat,4.820846906,2.939037463,0.728971963,
Pogson_BiochemJ_1968,Fig1,PEP,0.130279898,1.07E-05,2.50E-04,0,0,5.00E-04,0,7.4,0.275,rat,0.010729852,0.130279898,1,
Pogson_BiochemJ_1968,Fig1,PEP,0.227989822,1.95E-05,2.50E-04,0,0,5.00E-04,0,7.4,0.275,rat,0.019519815,0.227989822,1,
Pogson_BiochemJ_1968,Fig1,PEP,0.313486005,2.83E-05,2.50E-04,0,0,5.00E-04,0,7.4,0.275,rat,0.028324894,0.313486005,1,
Pogson_BiochemJ_1968,Fig1,PEP,0.35826972,3.82E-05,2.50E-04,0,0,5.00E-04,0,7.4,0.275,rat,0.038170458,0.35826972,1,
Pogson_BiochemJ_1968,Fig1,PEP,0.407124682,4.80E-05,2.50E-04,0,0,5.00E-04,0,7.4,0.275,rat,0.048010984,0.407124682,1,
Pogson_BiochemJ_1968,Fig1,PEP,0.433587786,5.79E-05,2.50E-04,0,0,5.00E-04,0,7.4,0.275,rat,0.057879223,0.433587786,1,
Pogson_BiochemJ_1968,Fig1,PEP,0.476335878,7.27E-05,2.50E-04,0,0,5.00E-04,0,7.4,0.275,rat,0.072677802,0.476335878,1,
Pogson_BiochemJ_1968,Fig1,PEP,0.563867684,9.73E-05,2.50E-04,0,0,5.00E-04,0,7.4,0.275,rat,0.097321946,0.563867684,1,
Pogson_BiochemJ_1968,Fig1,PEP,0.63307888,1.47E-04,2.50E-04,0,0,5.00E-04,0,7.4,0.275,rat,0.146741239,0.63307888,1,
Pogson_BiochemJ_1968,Fig1,PEP,0.657506361,2.47E-04,2.50E-04,0,0,5.00E-04,0,7.4,0.275,rat,0.246711007,0.657506361,1,
Pogson_BiochemJ_1968,Fig1,PEP,0.730788804,3.95E-04,2.50E-04,0,0,5.00E-04,0,7.4,0.275,rat,0.395135162,0.730788804,1,
Pogson_BiochemJ_1968,Fig1,PEP,0.891603053,7.40E-04,2.50E-04,0,0,5.00E-04,0,7.4,0.275,rat,0.740480689,0.891603053,1,
Pogson_BiochemJ_1968,Fig1,PEP,0.01221374,1.88E-05,2.50E-04,0,0,0.00E+00,0,7.4,0.275,rat,0.018796765,0.01221374,1,
Pogson_BiochemJ_1968,Fig1,PEP,0.01221374,3.17E-05,2.50E-04,0,0,0.00E+00,0,7.4,0.275,rat,0.031668052,0.01221374,1,
Pogson_BiochemJ_1968,Fig1,PEP,0.020356234,3.96E-05,2.50E-04,0,0,0.00E+00,0,7.4,0.275,rat,0.039578767,0.020356234,1,
Pogson_BiochemJ_1968,Fig1,PEP,0.026463104,4.85E-05,2.50E-04,0,0,0.00E+00,0,7.4,0.275,rat,0.0484821,0.026463104,1,
Pogson_BiochemJ_1968,Fig1,PEP,0.034605598,5.94E-05,2.50E-04,0,0,0.00E+00,0,7.4,0.275,rat,0.059363112,0.034605598,1,
Pogson_BiochemJ_1968,Fig1,PEP,0.046819338,7.52E-05,2.50E-04,0,0,0.00E+00,0,7.4,0.275,rat,0.07518958,0.046819338,1,
Pogson_BiochemJ_1968,Fig1,PEP,0.065139949,9.89E-05,2.50E-04,0,0,0.00E+00,0,7.4,0.275,rat,0.098929282,0.065139949,1,
Pogson_BiochemJ_1968,Fig1,PEP,0.097709924,1.24E-04,2.50E-04,0,0,0.00E+00,0,7.4,0.275,rat,0.123641448,0.097709924,1,
Pogson_BiochemJ_1968,Fig1,PEP,0.132315522,1.49E-04,2.50E-04,0,0,0.00E+00,0,7.4,0.275,rat,0.149341194,0.132315522,1,
Pogson_BiochemJ_1968,Fig1,PEP,0.207633588,1.97E-04,2.50E-04,0,0,0.00E+00,0,7.4,0.275,rat,0.196772731,0.207633588,1,
Pogson_BiochemJ_1968,Fig1,PEP,0.26259542,2.47E-04,2.50E-04,0,0,0.00E+00,0,7.4,0.275,rat,0.247199758,0.26259542,1,
Pogson_BiochemJ_1968,Fig1,PEP,0.504834606,3.96E-04,2.50E-04,0,0,0.00E+00,0,7.4,0.275,rat,0.396404908,0.504834606,1,
Pogson_BiochemJ_1968,Fig1,PEP,0.755216285,7.45E-04,2.50E-04,0,0,0.00E+00,0,7.4,0.275,rat,0.744609881,0.755216285,1,
Pogson_BiochemJ_1968,Fig4,ADP,0.098506755,1.00E-04,5.10E-04,0,0,0.00E+00,0,7.4,0.275,rat,1.962225665,10.15158804,1,
Pogson_BiochemJ_1968,Fig4,ADP,0.08560709,1.00E-04,3.75E-04,0,0,0.00E+00,0,7.4,0.275,rat,2.669267701,11.68127544,1,
Pogson_BiochemJ_1968,Fig4,ADP,0.077847186,1.00E-04,3.01E-04,0,0,0.00E+00,0,7.4,0.275,rat,3.31785862,12.84567943,1,
Pogson_BiochemJ_1968,Fig4,ADP,0.070276045,1.00E-04,2.52E-04,0,0,0.00E+00,0,7.4,0.275,rat,3.966016568,14.22959984,1,
Pogson_BiochemJ_1968,Fig4,ADP,0.059591877,1.00E-04,2.01E-04,0,0,0.00E+00,0,7.4,0.275,rat,4.966901754,16.78081071,1,
Pogson_BiochemJ_1968,Fig4,ADP,0.047935375,1.00E-04,1.49E-04,0,0,0.00E+00,0,7.4,0.275,rat,6.704415345,20.86142034,1,
Pogson_BiochemJ_1968,Fig4,ADP,0.042583624,1.00E-04,1.25E-04,0,0,0.00E+00,0,7.4,0.275,rat,7.97143352,23.48320553,1,
Pogson_BiochemJ_1968,Fig4,ADP,0.038103775,1.00E-04,1.00E-04,0,0,0.00E+00,0,7.4,0.275,rat,9.977822251,26.24411881,1,
Pogson_BiochemJ_1968,Fig4,ADP,0.0289407,1.00E-04,7.53E-05,0,0,0.00E+00,0,7.4,0.275,rat,13.27504258,34.55341422,1,
Pogson_BiochemJ_1968,Fig4,ADP,0.927683313,5.00E-04,4.98E-04,0,0,0.00E+00,0,7.4,0.275,rat,2.009708177,1.077954067,1,
Pogson_BiochemJ_1968,Fig4,ADP,0.774694395,5.00E-04,3.72E-04,0,0,0.00E+00,0,7.4,0.275,rat,2.689761673,1.290831593,1,
Pogson_BiochemJ_1968,Fig4,ADP,0.736564969,5.00E-04,2.99E-04,0,0,0.00E+00,0,7.4,0.275,rat,3.340517449,1.357653488,1,
Pogson_BiochemJ_1968,Fig4,ADP,0.667713854,5.00E-04,2.51E-04,0,0,0.00E+00,0,7.4,0.275,rat,3.9911289,1.497647523,1,
Pogson_BiochemJ_1968,Fig4,ADP,0.585703015,5.00E-04,2.00E-04,0,0,0.00E+00,0,7.4,0.275,rat,4.996632446,1.707349927,1,
Pogson_BiochemJ_1968,Fig4,ADP,0.486338644,5.00E-04,1.48E-04,0,0,0.00E+00,0,7.4,0.275,rat,6.741506547,2.056180424,1,
Pogson_BiochemJ_1968,Fig4,ADP,0.441892007,5.00E-04,1.24E-04,0,0,0.00E+00,0,7.4,0.275,rat,8.042873774,2.262996353,1,
Pogson_BiochemJ_1968,Fig4,ADP,0.38321258,5.00E-04,9.98E-05,0,0,0.00E+00,0,7.4,0.275,rat,10.02443882,2.60951767,1,
Pogson_BiochemJ_1968,Fig4,ADP,0.295751522,5.00E-04,7.45E-05,0,0,0.00E+00,0,7.4,0.275,rat,13.4252836,3.381216745,1,
Pogson_BiochemJ_1968,Fig8,PEP,0.033994235,3.89607E-05,2.00E-03,0,0,0.00E+00,0,7.4,0.275,rat,0.038960705,0.033994235,1,
Pogson_BiochemJ_1968,Fig8,PEP,0.047968284,4.95303E-05,2.00E-03,0,0,0.00E+00,0,7.4,0.275,rat,0.049530284,0.047968284,1,
Pogson_BiochemJ_1968,Fig8,PEP,0.063202026,5.96394E-05,2.00E-03,0,0,0.00E+00,0,7.4,0.275,rat,0.059639367,0.063202026,1,
Pogson_BiochemJ_1968,Fig8,PEP,0.075542745,7.5467E-05,2.00E-03,0,0,0.00E+00,0,7.4,0.275,rat,0.075467047,0.075542745,1,
Pogson_BiochemJ_1968,Fig8,PEP,0.117165125,0.000101592,2.00E-03,0,0,0.00E+00,0,7.4,0.275,rat,0.10159158,0.117165125,1,
Pogson_BiochemJ_1968,Fig8,PEP,0.185208501,0.000158048,2.00E-03,0,0,0.00E+00,0,7.4,0.275,rat,0.158047898,0.185208501,1,
Pogson_BiochemJ_1968,Fig8,PEP,0.491962299,0.000294347,2.00E-03,0,0,0.00E+00,0,7.4,0.275,rat,0.294347452,0.491962299,1,
Pogson_BiochemJ_1968,Fig8,PEP,1.301939156,0.000751226,2.00E-03,0,0,0.00E+00,0,7.4,0.275,rat,0.751225827,1.301939156,1,
Pogson_BiochemJ_1968,Fig8,PEP,1.83348259,0.00150187,2.00E-03,0,0,0.00E+00,0,7.4,0.275,rat,1.501869996,1.83348259,1,
Pogson_BiochemJ_1968,Fig8,PEP,0.025528673,3.90893E-05,2.00E-03,0,2.50E-03,0.00E+00,0,7.4,0.275,rat,0.039089295,0.025528673,1,
Pogson_BiochemJ_1968,Fig8,PEP,0.030723693,4.97865E-05,2.00E-03,0,2.50E-03,0.00E+00,0,7.4,0.275,rat,0.049786493,0.030723693,1,
Pogson_BiochemJ_1968,Fig8,PEP,0.034984133,6.00164E-05,2.00E-03,0,2.50E-03,0.00E+00,0,7.4,0.275,rat,0.060016401,0.034984133,1,
Pogson_BiochemJ_1968,Fig8,PEP,0.049530769,7.49221E-05,2.00E-03,0,2.50E-03,0.00E+00,0,7.4,0.275,rat,0.074922118,0.049530769,1,
Pogson_BiochemJ_1968,Fig8,PEP,0.094395333,0.000101464,2.00E-03,0,2.50E-03,0.00E+00,0,7.4,0.275,rat,0.101463899,0.094395333,1,
Pogson_BiochemJ_1968,Fig8,PEP,0.132078985,0.00015775,2.00E-03,0,2.50E-03,0.00E+00,0,7.4,0.275,rat,0.157749976,0.132078985,1,
Pogson_BiochemJ_1968,Fig8,PEP,0.336350981,0.000297213,2.00E-03,0,2.50E-03,0.00E+00,0,7.4,0.275,rat,0.297213183,0.336350981,1,
Pogson_BiochemJ_1968,Fig8,PEP,1.055248668,0.000753581,2.00E-03,0,2.50E-03,0.00E+00,0,7.4,0.275,rat,0.753580834,1.055248668,1,
Pogson_BiochemJ_1968,Fig8,PEP,1.700658799,0.001501125,2.00E-03,0,2.50E-03,0.00E+00,0,7.4,0.275,rat,1.50112519,1.700658799,1,
Pogson_BiochemJ_1968,Fig8,PEP,0.016755466,3.87525E-05,2.00E-03,0,5.00E-03,0.00E+00,0,7.4,0.275,rat,0.038752535,0.016755466,1,
Pogson_BiochemJ_1968,Fig8,PEP,0.019750391,4.99073E-05,2.00E-03,0,5.00E-03,0.00E+00,0,7.4,0.275,rat,0.049907318,0.019750391,1,
Pogson_BiochemJ_1968,Fig8,PEP,0.023695422,6.0291E-05,2.00E-03,0,5.00E-03,0.00E+00,0,7.4,0.275,rat,0.060291049,0.023695422,1,
Pogson_BiochemJ_1968,Fig8,PEP,0.03071884,7.51735E-05,2.00E-03,0,5.00E-03,0.00E+00,0,7.4,0.275,rat,0.075173475,0.03071884,1,
Pogson_BiochemJ_1968,Fig8,PEP,0.064035609,0.000101294,2.00E-03,0,5.00E-03,0.00E+00,0,7.4,0.275,rat,0.101293658,0.064035609,1,
Pogson_BiochemJ_1968,Fig8,PEP,0.078949468,0.000157452,2.00E-03,0,5.00E-03,0.00E+00,0,7.4,0.275,rat,0.157452053,0.078949468,1,
Pogson_BiochemJ_1968,Fig8,PEP,0.203509456,0.000300207,2.00E-03,0,5.00E-03,0.00E+00,0,7.4,0.275,rat,0.300206595,0.203509456,1,
Pogson_BiochemJ_1968,Fig8,PEP,0.774385756,0.000759483,2.00E-03,0,5.00E-03,0.00E+00,0,7.4,0.275,rat,0.759482537,0.774385756,1,
Pogson_BiochemJ_1968,Fig8,PEP,1.400838794,0.001503182,2.00E-03,0,5.00E-03,0.00E+00,0,7.4,0.275,rat,1.503182274,1.400838794,1,
Pogson_BiochemJ_1968,Fig8,PEP,0.010486117,3.87331E-05,2.00E-03,0,7.50E-03,0.00E+00,0,7.4,0.275,rat,0.038733126,0.010486117,1,
Pogson_BiochemJ_1968,Fig8,PEP,0.01285993,4.94216E-05,2.00E-03,0,7.50E-03,0.00E+00,0,7.4,0.275,rat,0.049421589,0.01285993,1,
Pogson_BiochemJ_1968,Fig8,PEP,0.013977931,6.0261E-05,2.00E-03,0,7.50E-03,0.00E+00,0,7.4,0.275,rat,0.060260964,0.013977931,1,
Pogson_BiochemJ_1968,Fig8,PEP,0.019751361,7.48299E-05,2.00E-03,0,7.50E-03,0.00E+00,0,7.4,0.275,rat,0.074829922,0.019751361,1,
Pogson_BiochemJ_1968,Fig8,PEP,0.029845453,0.000108579,2.00E-03,0,7.50E-03,0.00E+00,0,7.4,0.275,rat,0.108578573,0.029845453,1,
Pogson_BiochemJ_1968,Fig8,PEP,0.037204848,0.000157218,2.00E-03,0,7.50E-03,0.00E+00,0,7.4,0.275,rat,0.157217971,0.037204848,1,
Pogson_BiochemJ_1968,Fig8,PEP,0.123797448,0.000303498,2.00E-03,0,7.50E-03,0.00E+00,0,7.4,0.275,rat,0.30349793,0.123797448,1,
Pogson_BiochemJ_1968,Fig8,PEP,0.520105337,0.000761795,2.00E-03,0,7.50E-03,0.00E+00,0,7.4,0.275,rat,0.761794983,0.520105337,1,
Pogson_BiochemJ_1968,Fig8,PEP,1.11619865,0.001505324,2.00E-03,0,7.50E-03,0.00E+00,0,7.4,0.275,rat,1.505324478,1.11619865,1,
Macpherson_eLife_2019,Fig3A,F16BP,0.392361294,1.50E-03,5.00E-03,0,0.00E+00,9.63E-10,0,7.5,0.11,human,-3.016207484,125.5556141,320,
Macpherson_eLife_2019,Fig3A,F16BP,0.579309753,1.50E-03,5.00E-03,0,0.00E+00,1.99E-08,0,7.5,0.11,human,-1.700796619,185.3791209,320,
Macpherson_eLife_2019,Fig3A,F16BP,0.514936854,1.50E-03,5.00E-03,0,0.00E+00,4.98E-08,0,7.5,0.11,human,-1.30252214,164.7797932,320,
Macpherson_eLife_2019,Fig3A,F16BP,0.768401942,1.50E-03,5.00E-03,0,0.00E+00,9.91E-08,0,7.5,0.11,human,-1.003763601,245.8886216,320,
Macpherson_eLife_2019,Fig3A,F16BP,1.088786068,1.50E-03,5.00E-03,0,0.00E+00,1.94E-07,0,7.5,0.11,human,-0.711455279,348.4115417,320,
Macpherson_eLife_2019,Fig3A,F16BP,1.096117189,1.50E-03,5.00E-03,0,0.00E+00,4.93E-07,0,7.5,0.11,human,-0.307409554,350.7575004,320,
Macpherson_eLife_2019,Fig3A,F16BP,1.160768114,1.50E-03,5.00E-03,0,0.00E+00,9.82E-07,0,7.5,0.11,human,-0.007726211,371.4457965,320,
Macpherson_eLife_2019,Fig3A,F16BP,1.280670717,1.50E-03,5.00E-03,0,0.00E+00,9.90E-06,0,7.5,0.11,human,0.995768143,409.8146295,320,
Macpherson_eLife_2019,Fig3S1A,PEP,0.63315807,6.13E-04,5.00E-03,0,0.00E+00,0.00E+00,8.00E-05,7.5,0.11,human,0.612994539,202.6105823,320,
Macpherson_eLife_2019,Fig3S1A,PEP,0.970706992,1.23E-03,5.00E-03,0,0.00E+00,0.00E+00,8.00E-05,7.5,0.11,human,1.228731877,310.6262373,320,
Macpherson_eLife_2019,Fig3S1A,PEP,1.186893639,2.49E-03,5.00E-03,0,0.00E+00,0.00E+00,8.00E-05,7.5,0.11,human,2.491748746,379.8059645,320,
Macpherson_eLife_2019,Fig3S1A,PEP,1.256096575,5.01E-03,5.00E-03,0,0.00E+00,0.00E+00,8.00E-05,7.5,0.11,human,5.006452611,401.9509039,320,
Macpherson_eLife_2019,Fig3S1A,PEP,1.332585071,9.99E-03,5.00E-03,0,0.00E+00,0.00E+00,8.00E-05,7.5,0.11,human,9.994169793,426.4272226,320,
Macpherson_eLife_2019,Fig3S1A,PEP,0.413529737,6.85E-04,5.00E-03,0,0.00E+00,0.00E+00,1.70E-04,7.5,0.11,human,0.684898077,132.3295157,320,
Macpherson_eLife_2019,Fig3S1A,PEP,0.717321129,1.24E-03,5.00E-03,0,0.00E+00,0.00E+00,1.70E-04,7.5,0.11,human,1.24468231,229.5427613,320,
Macpherson_eLife_2019,Fig3S1A,PEP,0.992636199,2.49E-03,5.00E-03,0,0.00E+00,0.00E+00,1.70E-04,7.5,0.11,human,2.493204539,317.6435838,320,
Macpherson_eLife_2019,Fig3S1A,PEP,1.07028511,5.01E-03,5.00E-03,0,0.00E+00,0.00E+00,1.70E-04,7.5,0.11,human,5.007845109,342.4912353,320,
Macpherson_eLife_2019,Fig3S1A,PEP,1.121429086,1.00E-02,5.00E-03,0,0.00E+00,0.00E+00,1.70E-04,7.5,0.11,human,10.00980375,358.8573076,320,
Macpherson_eLife_2019,Fig3S1A,PEP,0.216470158,6.58E-04,5.00E-03,0,0.00E+00,0.00E+00,3.30E-04,7.5,0.11,human,0.658271825,69.27045056,320,
Macpherson_eLife_2019,Fig3S1A,PEP,0.44985864,1.26E-03,5.00E-03,0,0.00E+00,0.00E+00,3.30E-04,7.5,0.11,human,1.260738235,143.9547649,320,
Macpherson_eLife_2019,Fig3S1A,PEP,0.691396401,2.50E-03,5.00E-03,0,0.00E+00,0.00E+00,3.30E-04,7.5,0.11,human,2.495462074,221.2468484,320,
Macpherson_eLife_2019,Fig3S1A,PEP,0.853511662,5.00E-03,5.00E-03,0,0.00E+00,0.00E+00,3.30E-04,7.5,0.11,human,4.995418119,273.1237319,320,
Macpherson_eLife_2019,Fig3S1A,PEP,1.076397069,9.98E-03,5.00E-03,0,0.00E+00,0.00E+00,3.30E-04,7.5,0.11,human,9.982038181,344.4470622,320,
Macpherson_eLife_2019,Fig3S1A,PEP,0.238709249,1.26E-03,5.00E-03,0,0.00E+00,0.00E+00,6.60E-04,7.5,0.11,human,1.262320619,76.38695975,320,
Macpherson_eLife_2019,Fig3S1A,PEP,0.44927184,2.51E-03,5.00E-03,0,0.00E+00,0.00E+00,6.60E-04,7.5,0.11,human,2.511328113,143.7669887,320,
Macpherson_eLife_2019,Fig3S1A,PEP,0.633916295,5.00E-03,5.00E-03,0,0.00E+00,0.00E+00,6.60E-04,7.5,0.11,human,4.997063798,202.8532145,320,
Macpherson_eLife_2019,Fig3S1A,PEP,0.944070191,1.00E-02,5.00E-03,0,0.00E+00,0.00E+00,6.60E-04,7.5,0.11,human,9.99708138,302.1024611,320,
Macpherson_eLife_2019,Fig3S1A,PEP,0.168319526,1.28E-03,5.00E-03,0,0.00E+00,0.00E+00,1.25E-03,7.5,0.11,human,1.276899652,53.86224818,320,
Macpherson_eLife_2019,Fig3S1A,PEP,0.333850099,2.50E-03,5.00E-03,0,0.00E+00,0.00E+00,1.25E-03,7.5,0.11,human,2.498141578,106.8320317,320,
Macpherson_eLife_2019,Fig3S1A,PEP,0.493136848,5.03E-03,5.00E-03,0,0.00E+00,0.00E+00,1.25E-03,7.5,0.11,human,5.026221864,157.8037914,320,
Macpherson_eLife_2019,Fig3S1A,PEP,0.755430215,1.00E-02,5.00E-03,0,0.00E+00,0.00E+00,1.25E-03,7.5,0.11,human,10.02659812,241.7376688,320,
Macpherson_eLife_2019,Fig3S1A,PEP,0.097942988,1.26E-03,5.00E-03,0,0.00E+00,0.00E+00,2.50E-03,7.5,0.11,human,1.263375542,31.34175631,320,
Macpherson_eLife_2019,Fig3S1A,PEP,0.221243684,2.48E-03,5.00E-03,0,0.00E+00,0.00E+00,2.50E-03,7.5,0.11,human,2.484933944,70.79797877,320,
Macpherson_eLife_2019,Fig3S1A,PEP,0.315784546,5.00E-03,5.00E-03,0,0.00E+00,0.00E+00,2.50E-03,7.5,0.11,human,4.999447924,101.0510547,320,
Macpherson_eLife_2019,Fig3S1A,PEP,0.541478685,1.00E-02,5.00E-03,0,0.00E+00,0.00E+00,2.50E-03,7.5,0.11,human,10.00009846,173.2731793,320,
Macpherson_eLife_2019,Fig3S1A,PEP,0.044451809,1.26E-03,5.00E-03,0,0.00E+00,0.00E+00,5.00E-03,7.5,0.11,human,1.263776413,14.224579,320,
Macpherson_eLife_2019,Fig3S1A,PEP,0.097362781,2.50E-03,5.00E-03,0,0.00E+00,0.00E+00,5.00E-03,7.5,0.11,human,2.499913848,31.15608989,320,
Macpherson_eLife_2019,Fig3S1A,PEP,0.158132927,4.99E-03,5.00E-03,0,0.00E+00,0.00E+00,5.00E-03,7.5,0.11,human,4.986577866,50.60253674,320,
Macpherson_eLife_2019,Fig3S1A,PEP,0.268392139,1.00E-02,5.00E-03,0,0.00E+00,0.00E+00,5.00E-03,7.5,0.11,human,10.00214501,85.88548461,320,
Macpherson_eLife_2019,Fig3S1B,PEP,0.897257552,3.06E-04,5.00E-03,0,0.00E+00,2.00E-06,8.00E-05,7.5,0.11,human,0.306171843,287.1224165,320,
Macpherson_eLife_2019,Fig3S1B,PEP,1.004570747,6.35E-04,5.00E-03,0,0.00E+00,2.00E-06,8.00E-05,7.5,0.11,human,0.635384287,321.4626391,320,
Macpherson_eLife_2019,Fig3S1B,PEP,1.073131955,1.23E-03,5.00E-03,0,0.00E+00,2.00E-06,8.00E-05,7.5,0.11,human,1.232944973,343.4022258,320,
Macpherson_eLife_2019,Fig3S1B,PEP,1.088036566,2.47E-03,5.00E-03,0,0.00E+00,2.00E-06,8.00E-05,7.5,0.11,human,2.471869587,348.1717011,320,
Macpherson_eLife_2019,Fig3S1B,PEP,1.114864865,5.02E-03,5.00E-03,0,0.00E+00,2.00E-06,8.00E-05,7.5,0.11,human,5.024321951,356.7567568,320,
Macpherson_eLife_2019,Fig3S1B,PEP,1.195349762,1.00E-02,5.00E-03,0,0.00E+00,2.00E-06,8.00E-05,7.5,0.11,human,9.995111881,382.5119237,320,
Macpherson_eLife_2019,Fig3S1B,PEP,0.798887122,6.49E-04,5.00E-03,0,0.00E+00,2.00E-06,1.70E-04,7.5,0.11,human,0.648672377,255.6438792,320,
Macpherson_eLife_2019,Fig3S1B,PEP,0.888314785,1.25E-03,5.00E-03,0,0.00E+00,2.00E-06,1.70E-04,7.5,0.11,human,1.246399165,284.2607313,320,
Macpherson_eLife_2019,Fig3S1B,PEP,0.938990461,2.50E-03,5.00E-03,0,0.00E+00,2.00E-06,1.70E-04,7.5,0.11,human,2.500533896,300.4769475,320,
Macpherson_eLife_2019,Fig3S1B,PEP,0.950914149,4.99E-03,5.00E-03,0,0.00E+00,2.00E-06,1.70E-04,7.5,0.11,human,4.993166125,304.2925278,320,
Macpherson_eLife_2019,Fig3S1B,PEP,1.058227345,1.00E-02,5.00E-03,0,0.00E+00,2.00E-06,1.70E-04,7.5,0.11,human,10.00894573,338.6327504,320,
Macpherson_eLife_2019,Fig3S1B,PEP,0.617050874,6.32E-04,5.00E-03,0,0.00E+00,2.00E-06,3.30E-04,7.5,0.11,human,0.632299552,197.4562798,320,
Macpherson_eLife_2019,Fig3S1B,PEP,0.706478537,1.23E-03,5.00E-03,0,0.00E+00,2.00E-06,3.30E-04,7.5,0.11,human,1.230026339,226.073132,320,
Macpherson_eLife_2019,Fig3S1B,PEP,0.760135135,2.51E-03,5.00E-03,0,0.00E+00,2.00E-06,3.30E-04,7.5,0.11,human,2.514035546,243.2432432,320,
Macpherson_eLife_2019,Fig3S1B,PEP,0.843600954,4.99E-03,5.00E-03,0,0.00E+00,2.00E-06,3.30E-04,7.5,0.11,human,4.99231189,269.9523052,320,
Macpherson_eLife_2019,Fig3S1B,PEP,0.971780604,9.99E-03,5.00E-03,0,0.00E+00,2.00E-06,3.30E-04,7.5,0.11,human,9.993332226,310.9697933,320,
Macpherson_eLife_2019,Fig3S1B,PEP,0.470985692,6.61E-04,5.00E-03,0,0.00E+00,2.00E-06,6.60E-04,7.5,0.11,human,0.66098759,150.7154213,320,
Macpherson_eLife_2019,Fig3S1B,PEP,0.527623211,1.23E-03,5.00E-03,0,0.00E+00,2.00E-06,6.60E-04,7.5,0.11,human,1.228602615,168.8394277,320,
Macpherson_eLife_2019,Fig3S1B,PEP,0.649841017,2.50E-03,5.00E-03,0,0.00E+00,2.00E-06,6.60E-04,7.5,0.11,human,2.498232209,207.9491256,320,
Macpherson_eLife_2019,Fig3S1B,PEP,0.7959062,5.02E-03,5.00E-03,0,0.00E+00,2.00E-06,6.60E-04,7.5,0.11,human,5.021782977,254.6899841,320,
Macpherson_eLife_2019,Fig3S1B,PEP,0.861486486,1.00E-02,5.00E-03,0,0.00E+00,2.00E-06,6.60E-04,7.5,0.11,human,10.00737964,275.6756757,320,
Macpherson_eLife_2019,Fig3S1B,PEP,0.42627186,1.26E-03,5.00E-03,0,0.00E+00,2.00E-06,1.25E-03,7.5,0.11,human,1.257646584,136.4069952,320,
Macpherson_eLife_2019,Fig3S1B,PEP,0.503775835,2.50E-03,5.00E-03,0,0.00E+00,2.00E-06,1.25E-03,7.5,0.11,human,2.497069501,161.2082671,320,
Macpherson_eLife_2019,Fig3S1B,PEP,0.628974563,5.01E-03,5.00E-03,0,0.00E+00,2.00E-06,1.25E-03,7.5,0.11,human,5.005528795,201.2718601,320,
Macpherson_eLife_2019,Fig3S1B,PEP,0.798887122,1.00E-02,5.00E-03,0,0.00E+00,2.00E-06,1.25E-03,7.5,0.11,human,10.00688133,255.6438792,320,
Macpherson_eLife_2019,Fig3S1B,PEP,0.405405405,1.26E-03,5.00E-03,0,0.00E+00,2.00E-06,2.50E-03,7.5,0.11,human,1.257480483,129.7297297,320,
Macpherson_eLife_2019,Fig3S1B,PEP,0.491852146,2.51E-03,5.00E-03,0,0.00E+00,2.00E-06,2.50E-03,7.5,0.11,human,2.51189996,157.3926868,320,
Macpherson_eLife_2019,Fig3S1B,PEP,0.587241653,4.99E-03,5.00E-03,0,0.00E+00,2.00E-06,2.50E-03,7.5,0.11,human,4.990271219,187.9173291,320,
Macpherson_eLife_2019,Fig3S1B,PEP,0.694554849,9.99E-03,5.00E-03,0,0.00E+00,2.00E-06,2.50E-03,7.5,0.11,human,9.991125454,222.2575517,320,
Macpherson_eLife_2019,Fig3S1B,PEP,0.29809221,6.30E-04,5.00E-03,0,0.00E+00,2.00E-06,5.00E-03,7.5,0.11,human,0.629760577,95.38950715,320,
Macpherson_eLife_2019,Fig3S1B,PEP,0.35472973,1.24E-03,5.00E-03,0,0.00E+00,2.00E-06,5.00E-03,7.5,0.11,human,1.242151722,113.5135135,320,
Macpherson_eLife_2019,Fig3S1B,PEP,0.351748808,2.48E-03,5.00E-03,0,0.00E+00,2.00E-06,5.00E-03,7.5,0.11,human,2.480933963,112.5596184,320,
Macpherson_eLife_2019,Fig3S1B,PEP,0.390500795,4.99E-03,5.00E-03,0,0.00E+00,2.00E-06,5.00E-03,7.5,0.11,human,4.988705123,124.9602544,320,
Macpherson_eLife_2019,Fig3S1B,PEP,0.491852146,1.00E-02,5.00E-03,0,0.00E+00,2.00E-06,5.00E-03,7.5,0.11,human,10.00443727,157.3926868,320,
Macpherson_eLife_2019,Fig6S5ABC,PEP,0.208567658,3.07E-04,5.00E-03,0,0.00E+00,0.00E+00,0.00E+00,7.5,0.11,human,0.306834031,66.74165055,320,
Macpherson_eLife_2019,Fig6S5ABC,PEP,0.413657939,6.56E-04,5.00E-03,0,0.00E+00,0.00E+00,0.00E+00,7.5,0.11,human,0.655509066,132.3705403,320,
Macpherson_eLife_2019,Fig6S5ABC,PEP,0.686032191,1.24E-03,5.00E-03,0,0.00E+00,0.00E+00,0.00E+00,7.5,0.11,human,1.241283124,219.530301,320,
Macpherson_eLife_2019,Fig6S5ABC,PEP,0.901512425,2.51E-03,5.00E-03,0,0.00E+00,0.00E+00,0.00E+00,7.5,0.11,human,2.510460251,288.4839759,320,
Macpherson_eLife_2019,Fig6S5ABC,PEP,1.09052335,5.01E-03,5.00E-03,0,0.00E+00,0.00E+00,0.00E+00,7.5,0.11,human,5.006973501,348.967472,320,
Macpherson_eLife_2019,Fig6S5ABC,PEP,1.145964555,1.00E-02,5.00E-03,0,0.00E+00,0.00E+00,0.00E+00,7.5,0.11,human,10,366.7086576,320,
Macpherson_eLife_2019,Fig6S5ABC,PEP,0.205213134,6.25E-05,5.00E-03,0,0.00E+00,2.00E-06,0.00E+00,7.5,0.11,human,0.062536218,65.66820276,320,
Macpherson_eLife_2019,Fig6S5ABC,PEP,0.439228111,1.25E-04,5.00E-03,0,0.00E+00,2.00E-06,0.00E+00,7.5,0.11,human,0.124658517,140.5529954,320,
Macpherson_eLife_2019,Fig6S5ABC,PEP,0.673243088,2.92E-04,5.00E-03,0,0.00E+00,2.00E-06,0.00E+00,7.5,0.11,human,0.291571235,215.437788,320,
Macpherson_eLife_2019,Fig6S5ABC,PEP,0.770449309,6.37E-04,5.00E-03,0,0.00E+00,2.00E-06,0.00E+00,7.5,0.11,human,0.63681393,246.5437788,320,
Macpherson_eLife_2019,Fig6S5ABC,PEP,0.860455069,1.22E-03,5.00E-03,0,0.00E+00,2.00E-06,0.00E+00,7.5,0.11,human,1.221508596,275.3456221,320,
Macpherson_eLife_2019,Fig6S5ABC,PEP,0.87125576,2.48E-03,5.00E-03,0,0.00E+00,2.00E-06,0.00E+00,7.5,0.11,human,2.479097105,278.8018433,320,
Macpherson_eLife_2019,Fig6S5ABC,PEP,0.900057604,4.98E-03,5.00E-03,0,0.00E+00,2.00E-06,0.00E+00,7.5,0.11,human,4.979373051,288.0184332,320,
Macpherson_eLife_2019,Fig6S5ABC,PEP,0.936059908,1.00E-02,5.00E-03,0,0.00E+00,2.00E-06,0.00E+00,7.5,0.11,human,10.0096581,299.5391705,320,
Macpherson_eLife_2019,Fig6S5ABC,PEP,0.138520375,3.02E-04,5.00E-03,0,0.00E+00,2.00E-06,5.00E-03,7.5,0.11,human,0.30237581,44.3265201,320,
Macpherson_eLife_2019,Fig6S5ABC,PEP,0.200438849,6.26E-04,5.00E-03,0,0.00E+00,2.00E-06,5.00E-03,7.5,0.11,human,0.626349892,64.14043168,320,
Macpherson_eLife_2019,Fig6S5ABC,PEP,0.231157832,1.25E-03,5.00E-03,0,0.00E+00,2.00E-06,5.00E-03,7.5,0.11,human,1.252699784,73.9705062,320,
Macpherson_eLife_2019,Fig6S5ABC,PEP,0.323650019,2.48E-03,5.00E-03,0,0.00E+00,2.00E-06,5.00E-03,7.5,0.11,human,2.483801296,103.568006,320,
Macpherson_eLife_2019,Fig6S5ABC,PEP,0.44652595,4.99E-03,5.00E-03,0,0.00E+00,2.00E-06,5.00E-03,7.5,0.11,human,4.989200864,142.888304,320,
Macpherson_eLife_2019,Fig6S5ABC,PEP,0.50600836,1.00E-02,5.00E-03,0,0.00E+00,2.00E-06,5.00E-03,7.5,0.11,human,10.02159827,161.9226753,320,
Akhtar_JBC_2009,Fig2A,F16BP,1.111868257,2.50E-03,2.50E-03,0,0.00E+00,0.00E+00,0.00E+00,7.5,,human,0,1.000681431,0.9,
Akhtar_JBC_2009,Fig2A,F16BP,1.250425894,2.50E-03,2.50E-03,0,0.00E+00,9.48E-05,0.00E+00,7.5,,human,0.094809896,1.125383305,0.9,
Akhtar_JBC_2009,Fig2A,F16BP,1.31251183,2.50E-03,2.50E-03,0,0.00E+00,4.92E-04,0.00E+00,7.5,,human,0.491743457,1.181260647,0.9,
Akhtar_JBC_2009,Fig2A,F16BP,1.335226197,2.50E-03,2.50E-03,0,0.00E+00,9.97E-04,0.00E+00,7.5,,human,0.997134892,1.201703578,0.9,
Akhtar_JBC_2009,Fig2A,F16BP,1.345826235,2.50E-03,2.50E-03,0,0.00E+00,2.99E-03,0.00E+00,7.5,,human,2.991317562,1.211243612,0.9,
Akhtar_JBC_2009,Fig2A,F16BP,1.355669127,2.50E-03,2.50E-03,0,0.00E+00,4.99E-03,0.00E+00,7.5,,human,4.99119173,1.220102215,0.9,
Akhtar_JBC_2009,Fig2B,Phenylalanine,1.112544803,2.50E-03,2.50E-03,0,0.00E+00,0.00E+00,0.00E+00,7.5,,human,0,1.001290323,0.9,
Akhtar_JBC_2009,Fig2B,Phenylalanine,0.759856631,2.50E-03,2.50E-03,0,0.00E+00,0.00E+00,4.95E-05,7.5,,human,0.04950495,0.683870968,0.9,
Akhtar_JBC_2009,Fig2B,Phenylalanine,0.656630824,2.50E-03,2.50E-03,0,0.00E+00,0.00E+00,9.45E-05,7.5,,human,0.094509451,0.590967742,0.9,
Akhtar_JBC_2009,Fig2B,Phenylalanine,0.629390681,2.50E-03,2.50E-03,0,0.00E+00,0.00E+00,1.46E-04,7.5,,human,0.146264626,0.566451613,0.9,
Akhtar_JBC_2009,Fig2B,Phenylalanine,0.586379928,2.50E-03,2.50E-03,0,0.00E+00,0.00E+00,2.50E-04,7.5,,human,0.249774977,0.527741935,0.9,
Akhtar_JBC_2009,Fig2B,Phenylalanine,0.420071685,2.50E-03,2.50E-03,0,0.00E+00,0.00E+00,5.00E-04,7.5,,human,0.499549955,0.378064516,0.9,
Akhtar_JBC_2009,Fig2B,Phenylalanine,0.266666667,2.50E-03,2.50E-03,0,0.00E+00,0.00E+00,1.00E-03,7.5,,human,1.001350135,0.24,0.9,
Akhtar_JBC_2009,Fig2B,Phenylalanine,0.172043011,2.50E-03,2.50E-03,0,0.00E+00,0.00E+00,2.00E-03,7.5,,human,1.995949595,0.15483871,0.9,
Consler_Biochem_1989,Fig2B,PEP,0.085858509,0.000105742,2.00E-03,0,0.00E+00,0.00E+00,0.00E+00,7.4,0.08,rabbit,0.105742194,0.09444436,1.1,
Consler_Biochem_1989,Fig2B,PEP,0.133746801,0.00019794,2.00E-03,0,0.00E+00,0.00E+00,0.00E+00,7.4,0.08,rabbit,0.197939807,0.147121481,1.1,
Consler_Biochem_1989,Fig2B,PEP,0.4066061,0.000332104,2.00E-03,0,0.00E+00,0.00E+00,0.00E+00,7.4,0.08,rabbit,0.332103694,0.44726671,1.1,
Consler_Biochem_1989,Fig2B,PEP,0.451682738,0.000424268,2.00E-03,0,0.00E+00,0.00E+00,0.00E+00,7.4,0.08,rabbit,0.424267572,0.496851011,1.1,
Consler_Biochem_1989,Fig2B,PEP,0.480121299,0.000751834,2.00E-03,0,0.00E+00,0.00E+00,0.00E+00,7.4,0.08,rabbit,0.751833916,0.528133428,1.1,
Consler_Biochem_1989,Fig2B,PEP,0.552966705,0.000490928,2.00E-03,0,0.00E+00,0.00E+00,0.00E+00,7.4,0.08,rabbit,0.490927829,0.608263375,1.1,
Consler_Biochem_1989,Fig2B,PEP,0.657319939,0.000819405,2.00E-03,0,0.00E+00,0.00E+00,0.00E+00,7.4,0.08,rabbit,0.819405017,0.723051933,1.1,
Consler_Biochem_1989,Fig2B,PEP,0.686571819,0.000544887,2.00E-03,0,0.00E+00,0.00E+00,0.00E+00,7.4,0.08,rabbit,0.544886878,0.755229001,1.1,
Consler_Biochem_1989,Fig2B,PEP,0.68699688,0.000976829,2.00E-03,0,0.00E+00,0.00E+00,0.00E+00,7.4,0.08,rabbit,0.976829151,0.755696568,1.1,
Consler_Biochem_1989,Fig2B,PEP,0.945267961,0.00200087,2.00E-03,0,0.00E+00,0.00E+00,0.00E+00,7.4,0.08,rabbit,2.000870362,1.039794757,1.1,
Consler_Biochem_1989,Fig2B,PEP,0.866114732,0.002994685,2.00E-03,0,0.00E+00,0.00E+00,0.00E+00,7.4,0.08,rabbit,2.994685059,0.952726205,1.1,
Consler_Biochem_1989,Fig2B,PEP,0.924732578,0.003990153,2.00E-03,0,0.00E+00,0.00E+00,0.00E+00,7.4,0.08,rabbit,3.990152769,1.017205835,1.1,
Consler_Biochem_1989,Fig2B,PEP,0.921105764,0.006018905,2.00E-03,0,0.00E+00,0.00E+00,0.00E+00,7.4,0.08,rabbit,6.018905065,1.013216341,1.1,
Consler_Biochem_1989,Fig2B,PEP,0.991936274,0.007996195,2.00E-03,0,0.00E+00,0.00E+00,0.00E+00,7.4,0.08,rabbit,7.996194698,1.091129901,1.1,
Consler_Biochem_1989,Fig2B,PEP,1.017844714,0.01003839,2.00E-03,0,0.00E+00,0.00E+00,0.00E+00,7.4,0.08,rabbit,10.03839037,1.119629185,1.1,
Consler_Biochem_1989,Fig2B,PEP,0.151157714,0.000747887,2.00E-03,0,0.00E+00,0.00E+00,5.00E-04,7.4,0.08,rabbit,0.747886927,0.166273486,1.1,
Consler_Biochem_1989,Fig2B,PEP,0.232876025,0.000932113,2.00E-03,0,0.00E+00,0.00E+00,5.00E-04,7.4,0.08,rabbit,0.932113478,0.256163628,1.1,
Consler_Biochem_1989,Fig2B,PEP,0.269504819,0.001011087,2.00E-03,0,0.00E+00,0.00E+00,5.00E-04,7.4,0.08,rabbit,1.011086991,0.2964553,1.1,
Consler_Biochem_1989,Fig2B,PEP,0.486968266,0.001995372,2.00E-03,0,0.00E+00,0.00E+00,5.00E-04,7.4,0.08,rabbit,1.995371565,0.535665093,1.1,
Consler_Biochem_1989,Fig2B,PEP,0.574116677,0.001983328,2.00E-03,0,0.00E+00,0.00E+00,5.00E-04,7.4,0.08,rabbit,1.983328189,0.631528345,1.1,
Consler_Biochem_1989,Fig2B,PEP,0.638357832,0.002978863,2.00E-03,0,0.00E+00,0.00E+00,5.00E-04,7.4,0.08,rabbit,2.978863368,0.702193615,1.1,
Consler_Biochem_1989,Fig2B,PEP,0.667905966,0.003005396,2.00E-03,0,0.00E+00,0.00E+00,5.00E-04,7.4,0.08,rabbit,3.005395905,0.734696563,1.1,
Consler_Biochem_1989,Fig2B,PEP,0.777573375,0.003019801,2.00E-03,0,0.00E+00,0.00E+00,5.00E-04,7.4,0.08,rabbit,3.019800728,0.855330712,1.1,
Consler_Biochem_1989,Fig2B,PEP,0.805224378,0.00397563,2.00E-03,0,0.00E+00,0.00E+00,5.00E-04,7.4,0.08,rabbit,3.975629874,0.885746816,1.1,
Consler_Biochem_1989,Fig2B,PEP,0.764015606,0.004956811,2.00E-03,0,0.00E+00,0.00E+00,5.00E-04,7.4,0.08,rabbit,4.956810833,0.840417166,1.1,
Consler_Biochem_1989,Fig2B,PEP,0.870431579,0.005952852,2.00E-03,0,0.00E+00,0.00E+00,5.00E-04,7.4,0.08,rabbit,5.952852037,0.957474737,1.1,
Consler_Biochem_1989,Fig2B,PEP,0.898146985,0.006974127,2.00E-03,0,0.00E+00,0.00E+00,5.00E-04,7.4,0.08,rabbit,6.974126982,0.987961684,1.1,
Consler_Biochem_1989,Fig2B,PEP,0.834897638,0.006986457,2.00E-03,0,0.00E+00,0.00E+00,5.00E-04,7.4,0.08,rabbit,6.986457105,0.918387402,1.1,
Consler_Biochem_1989,Fig2B,PEP,0.90576679,0.009003014,2.00E-03,0,0.00E+00,0.00E+00,5.00E-04,7.4,0.08,rabbit,9.003014218,0.996343469,1.1,
Consler_Biochem_1989,Fig2B,PEP,0.80129579,0.009983436,2.00E-03,0,0.00E+00,0.00E+00,5.00E-04,7.4,0.08,rabbit,9.983436141,0.881425369,1.1,
Consler_Biochem_1989,Fig2B,PEP,0.771195629,0.007967368,2.00E-03,0,0.00E+00,0.00E+00,5.00E-04,7.4,0.08,rabbit,7.967368185,0.848315192,1.1,
Consler_Biochem_1989,Fig2B,PEP,0.093763528,0.000995889,2.00E-03,0,0.00E+00,0.00E+00,1.00E-03,7.4,0.08,rabbit,0.995889397,0.10313988,1.1,
Consler_Biochem_1989,Fig2B,PEP,0.271902453,0.002018969,2.00E-03,0,0.00E+00,0.00E+00,1.00E-03,7.4,0.08,rabbit,2.018969161,0.299092699,1.1,
Consler_Biochem_1989,Fig2B,PEP,0.366105762,0.002033188,2.00E-03,0,0.00E+00,0.00E+00,1.00E-03,7.4,0.08,rabbit,2.033188442,0.402716338,1.1,
Consler_Biochem_1989,Fig2B,PEP,0.447203963,0.003015837,2.00E-03,0,0.00E+00,0.00E+00,1.00E-03,7.4,0.08,rabbit,3.015836871,0.491924359,1.1,
Consler_Biochem_1989,Fig2B,PEP,0.502044108,0.003029584,2.00E-03,0,0.00E+00,0.00E+00,1.00E-03,7.4,0.08,rabbit,3.029583863,0.552248519,1.1,
Consler_Biochem_1989,Fig2B,PEP,0.609853028,0.004012553,2.00E-03,0,0.00E+00,0.00E+00,1.00E-03,7.4,0.08,rabbit,4.012552774,0.67083833,1.1,
Consler_Biochem_1989,Fig2B,PEP,0.749944452,0.004943553,2.00E-03,0,0.00E+00,0.00E+00,1.00E-03,7.4,0.08,rabbit,4.943552998,0.824938898,1.1,
Consler_Biochem_1989,Fig2B,PEP,0.81279266,0.00595216,2.00E-03,0,0.00E+00,0.00E+00,1.00E-03,7.4,0.08,rabbit,5.95216047,0.894071926,1.1,
Consler_Biochem_1989,Fig2B,PEP,0.693310222,0.005963816,2.00E-03,0,0.00E+00,0.00E+00,1.00E-03,7.4,0.08,rabbit,5.963815895,0.762641244,1.1,
Consler_Biochem_1989,Fig2B,PEP,0.720999867,0.006958913,2.00E-03,0,0.00E+00,0.00E+00,1.00E-03,7.4,0.08,rabbit,6.95891252,0.793099854,1.1,
Consler_Biochem_1989,Fig2B,PEP,0.913623966,0.006987402,2.00E-03,0,0.00E+00,0.00E+00,1.00E-03,7.4,0.08,rabbit,6.987401684,1.004986363,1.1,
Consler_Biochem_1989,Fig2B,PEP,0.803027313,0.007457279,2.00E-03,0,0.00E+00,0.00E+00,1.00E-03,7.4,0.08,rabbit,7.457278905,0.883330044,1.1,
Consler_Biochem_1989,Fig2B,PEP,0.845277575,0.008963021,2.00E-03,0,0.00E+00,0.00E+00,1.00E-03,7.4,0.08,rabbit,8.963021437,0.929805332,1.1,
Consler_Biochem_1989,Fig2B,PEP,0.745463838,0.008961824,2.00E-03,0,0.00E+00,0.00E+00,1.00E-03,7.4,0.08,rabbit,8.961823846,0.820010222,1.1,
Consler_Biochem_1989,Fig2B,PEP,0.835035645,0.009983841,2.00E-03,0,0.00E+00,0.00E+00,1.00E-03,7.4,0.08,rabbit,9.98384096,0.918539209,1.1,
Consler_Biochem_1989,Fig2B,PEP,0.937673917,0.009998161,2.00E-03,0,0.00E+00,0.00E+00,1.00E-03,7.4,0.08,rabbit,9.998161445,1.031441309,1.1,
Consler_Biochem_1989,Fig2B,PEP,0.060023673,0.000995485,2.00E-03,0,0.00E+00,0.00E+00,2.00E-03,7.4,0.08,rabbit,0.995484577,0.06602604,1.1,
Consler_Biochem_1989,Fig2B,PEP,0.06896098,0.001506063,2.00E-03,0,0.00E+00,0.00E+00,2.00E-03,7.4,0.08,rabbit,1.506063014,0.075857079,1.1,
Consler_Biochem_1989,Fig2B,PEP,0.122343775,0.001467436,2.00E-03,0,0.00E+00,0.00E+00,2.00E-03,7.4,0.08,rabbit,1.467436498,0.134578153,1.1,
Consler_Biochem_1989,Fig2B,PEP,0.118615757,0.001964774,2.00E-03,0,0.00E+00,0.00E+00,2.00E-03,7.4,0.08,rabbit,1.964773967,0.130477333,1.1,
Consler_Biochem_1989,Fig2B,PEP,0.194543311,0.001978774,2.00E-03,0,0.00E+00,0.00E+00,2.00E-03,7.4,0.08,rabbit,1.978773971,0.213997642,1.1,
Consler_Biochem_1989,Fig2B,PEP,0.224593789,0.002515784,2.00E-03,0,0.00E+00,0.00E+00,2.00E-03,7.4,0.08,rabbit,2.515783739,0.247053168,1.1,
Consler_Biochem_1989,Fig2B,PEP,0.26536278,0.002516273,2.00E-03,0,0.00E+00,0.00E+00,2.00E-03,7.4,0.08,rabbit,2.516272895,0.291899058,1.1,
Consler_Biochem_1989,Fig2B,PEP,0.339871626,0.002517167,2.00E-03,0,0.00E+00,0.00E+00,2.00E-03,7.4,0.08,rabbit,2.517166872,0.373858789,1.1,
Consler_Biochem_1989,Fig2B,PEP,0.628103021,0.003986594,2.00E-03,0,0.00E+00,0.00E+00,2.00E-03,7.4,0.08,rabbit,3.986593732,0.690913323,1.1,
Consler_Biochem_1989,Fig2B,PEP,0.641747274,0.004994611,2.00E-03,0,0.00E+00,0.00E+00,2.00E-03,7.4,0.08,rabbit,4.994610842,0.705922001,1.1,
Consler_Biochem_1989,Fig2B,PEP,0.808676383,0.007483525,2.00E-03,0,0.00E+00,0.00E+00,2.00E-03,7.4,0.08,rabbit,7.483524695,0.889544022,1.1,
Consler_Biochem_1989,Fig2B,PEP,0.689181064,0.007482091,2.00E-03,0,0.00E+00,0.00E+00,2.00E-03,7.4,0.08,rabbit,7.48209096,0.758099171,1.1,
Consler_Biochem_1989,Fig2B,PEP,0.766913744,0.007901872,2.00E-03,0,0.00E+00,0.00E+00,2.00E-03,7.4,0.08,rabbit,7.901871784,0.843605119,1.1,
Consler_Biochem_1989,Fig2B,PEP,0.901549308,0.009002964,2.00E-03,0,0.00E+00,0.00E+00,2.00E-03,7.4,0.08,rabbit,9.002963615,0.991704239,1.1,
Consler_Biochem_1989,Fig2B,PEP,0.731017306,0.009995682,2.00E-03,0,0.00E+00,0.00E+00,2.00E-03,7.4,0.08,rabbit,9.995681927,0.804119037,1.1,
Consler_Biochem_1989,Fig2B,PEP,0.958761326,0.009998414,2.00E-03,0,0.00E+00,0.00E+00,2.00E-03,7.4,0.08,rabbit,9.998414457,1.054637459,1.1,
Consler_Biochem_1989,Fig3B,PEP,0.443840066,0.000114551,2.00E-03,0,0.00E+00,1.00E-05,2.00E-03,7.4,0.08,rabbit,0.114550932,0.488224072,1.1,
Consler_Biochem_1989,Fig3B,PEP,0.641525504,0.000184962,2.00E-03,0,0.00E+00,1.00E-05,2.00E-03,7.4,0.08,rabbit,0.184961917,0.705678055,1.1,
Consler_Biochem_1989,Fig3B,PEP,0.831169803,0.000997494,2.00E-03,0,0.00E+00,1.00E-05,2.00E-03,7.4,0.08,rabbit,0.997493749,0.914286783,1.1,
Consler_Biochem_1989,Fig3B,PEP,0.848227797,0.001996397,2.00E-03,0,0.00E+00,1.00E-05,2.00E-03,7.4,0.08,rabbit,1.996397444,0.933050577,1.1,
Consler_Biochem_1989,Fig3B,PEP,0.8552069,0.003993802,2.00E-03,0,0.00E+00,1.00E-05,2.00E-03,7.4,0.08,rabbit,3.993801992,0.94072759,1.1,
Consler_Biochem_1989,Fig3B,PEP,0.858277914,0.00607212,2.00E-03,0,0.00E+00,1.00E-05,2.00E-03,7.4,0.08,rabbit,6.072120185,0.944105706,1.1,
Consler_Biochem_1989,Fig3B,PEP,0.859368726,0.008258371,2.00E-03,0,0.00E+00,1.00E-05,2.00E-03,7.4,0.08,rabbit,8.258371196,0.945305599,1.1,
Consler_Biochem_1989,Fig3B,PEP,0.860637416,0.009985785,2.00E-03,0,0.00E+00,1.00E-05,2.00E-03,7.4,0.08,rabbit,9.985785441,0.946701158,1.1,
Consler_Biochem_1989,Fig3B,PEP,0.855594046,0.002995157,2.00E-03,0,0.00E+00,1.00E-05,2.00E-03,7.4,0.08,rabbit,2.995157267,0.941153451,1.1,
Consler_Biochem_1989,Fig3B,PEP,0.445757488,0.000168561,2.00E-03,0,0.00E+00,7.00E-06,2.00E-03,7.4,0.08,rabbit,0.168560503,0.490333236,1.1,
Consler_Biochem_1989,Fig3B,PEP,0.641478419,0.000306419,2.00E-03,0,0.00E+00,7.00E-06,2.00E-03,7.4,0.08,rabbit,0.306418708,0.705626261,1.1,
Consler_Biochem_1989,Fig3B,PEP,0.829226222,0.00101096,2.00E-03,0,0.00E+00,7.00E-06,2.00E-03,7.4,0.08,rabbit,1.010960173,0.912148844,1.1,
Consler_Biochem_1989,Fig3B,PEP,0.844345867,0.002009835,2.00E-03,0,0.00E+00,7.00E-06,2.00E-03,7.4,0.08,rabbit,2.009835094,0.928780454,1.1,
Consler_Biochem_1989,Fig3B,PEP,0.851780129,0.002833157,2.00E-03,0,0.00E+00,7.00E-06,2.00E-03,7.4,0.08,rabbit,2.83315733,0.936958142,1.1,
Consler_Biochem_1989,Fig3B,PEP,0.853273783,0.003980278,2.00E-03,0,0.00E+00,7.00E-06,2.00E-03,7.4,0.08,rabbit,3.980278018,0.938601161,1.1,
Consler_Biochem_1989,Fig3B,PEP,0.858288378,0.00604513,2.00E-03,0,0.00E+00,7.00E-06,2.00E-03,7.4,0.08,rabbit,6.045129787,0.944117215,1.1,
Consler_Biochem_1989,Fig3B,PEP,0.859447202,0.008055943,2.00E-03,0,0.00E+00,7.00E-06,2.00E-03,7.4,0.08,rabbit,8.055943211,0.945391922,1.1,
Consler_Biochem_1989,Fig3B,PEP,0.860637416,0.009985785,2.00E-03,0,0.00E+00,7.00E-06,2.00E-03,7.4,0.08,rabbit,9.985785441,0.946701158,1.1,
Consler_Biochem_1989,Fig3B,PEP,0.445705171,0.000303512,2.00E-03,0,0.00E+00,5.00E-06,2.00E-03,7.4,0.08,rabbit,0.303512492,0.490275688,1.1,
Consler_Biochem_1989,Fig3B,PEP,0.637559867,0.000414323,2.00E-03,0,0.00E+00,5.00E-06,2.00E-03,7.4,0.08,rabbit,0.414322751,0.701315854,1.1,
Consler_Biochem_1989,Fig3B,PEP,0.823385017,0.00107835,2.00E-03,0,0.00E+00,5.00E-06,2.00E-03,7.4,0.08,rabbit,1.078349845,0.905723518,1.1,
Consler_Biochem_1989,Fig3B,PEP,0.84817548,0.002131349,2.00E-03,0,0.00E+00,5.00E-06,2.00E-03,7.4,0.08,rabbit,2.131349434,0.932993028,1.1,
Consler_Biochem_1989,Fig3B,PEP,0.857480078,0.003130138,2.00E-03,0,0.00E+00,5.00E-06,2.00E-03,7.4,0.08,rabbit,3.130138031,0.943228086,1.1,
Consler_Biochem_1989,Fig3B,PEP,0.855191205,0.004034288,2.00E-03,0,0.00E+00,5.00E-06,2.00E-03,7.4,0.08,rabbit,4.034287589,0.940710325,1.1,
Consler_Biochem_1989,Fig3B,PEP,0.856381419,0.00596413,2.00E-03,0,0.00E+00,5.00E-06,2.00E-03,7.4,0.08,rabbit,5.964129819,0.942019561,1.1,
Consler_Biochem_1989,Fig3B,PEP,0.85556004,0.008082876,2.00E-03,0,0.00E+00,5.00E-06,2.00E-03,7.4,0.08,rabbit,8.08287606,0.941116044,1.1,
Consler_Biochem_1989,Fig3B,PEP,0.860642648,0.00997229,2.00E-03,0,0.00E+00,5.00E-06,2.00E-03,7.4,0.08,rabbit,9.972290242,0.946706912,1.1,
Consler_Biochem_1989,Fig3B,PEP,0.178103144,0.000582941,2.00E-03,0,0.00E+00,3.00E-06,2.00E-03,7.4,0.08,rabbit,0.582940802,0.195913458,1.1,
Consler_Biochem_1989,Fig3B,PEP,0.364111403,0.000774636,2.00E-03,0,0.00E+00,3.00E-06,2.00E-03,7.4,0.08,rabbit,0.774635932,0.400522543,1.1,
Consler_Biochem_1989,Fig3B,PEP,0.544283688,0.001020226,2.00E-03,0,0.00E+00,3.00E-06,2.00E-03,7.4,0.08,rabbit,1.020225534,0.598712057,1.1,
Consler_Biochem_1989,Fig3B,PEP,0.811373008,0.002063327,2.00E-03,0,0.00E+00,3.00E-06,2.00E-03,7.4,0.08,rabbit,2.063326725,0.892510308,1.1,
Consler_Biochem_1989,Fig3B,PEP,0.843880245,0.003210908,2.00E-03,0,0.00E+00,3.00E-06,2.00E-03,7.4,0.08,rabbit,3.210907804,0.92826827,1.1,
Consler_Biochem_1989,Fig3B,PEP,0.853216234,0.004128725,2.00E-03,0,0.00E+00,3.00E-06,2.00E-03,7.4,0.08,rabbit,4.128725207,0.938537857,1.1,
Consler_Biochem_1989,Fig3B,PEP,0.858272683,0.006085615,2.00E-03,0,0.00E+00,3.00E-06,2.00E-03,7.4,0.08,rabbit,6.085615384,0.944099951,1.1,
Consler_Biochem_1989,Fig3B,PEP,0.859509982,0.007894001,2.00E-03,0,0.00E+00,3.00E-06,2.00E-03,7.4,0.08,rabbit,7.894000823,0.94546098,1.1,
Consler_Biochem_1989,Fig3B,PEP,0.862586228,0.009958824,2.00E-03,0,0.00E+00,3.00E-06,2.00E-03,7.4,0.08,rabbit,9.958823817,0.948844851,1.1,
Consler_Biochem_1989,Fig3B,PEP,0.320960249,0.002083037,2.00E-03,0,0.00E+00,1.00E-06,2.00E-03,7.4,0.08,rabbit,2.083037197,0.353056274,1.1,
Consler_Biochem_1989,Fig3B,PEP,0.586095524,0.003166595,2.00E-03,0,0.00E+00,1.00E-06,2.00E-03,7.4,0.08,rabbit,3.16659521,0.644705077,1.1,
Consler_Biochem_1989,Fig3B,PEP,0.723325924,0.004180778,2.00E-03,0,0.00E+00,1.00E-06,2.00E-03,7.4,0.08,rabbit,4.180778118,0.795658517,1.1,
Consler_Biochem_1989,Fig3B,PEP,0.811652904,0.006341334,2.00E-03,0,0.00E+00,1.00E-06,2.00E-03,7.4,0.08,rabbit,6.341333579,0.892818195,1.1,
Consler_Biochem_1989,Fig3B,PEP,0.836103306,0.008271521,2.00E-03,0,0.00E+00,1.00E-06,2.00E-03,7.4,0.08,rabbit,8.271521102,0.919713637,1.1,
Consler_Biochem_1989,Fig3B,PEP,0.845135856,0.00997206,2.00E-03,0,0.00E+00,1.00E-06,2.00E-03,7.4,0.08,rabbit,9.972060046,0.929649441,1.1,
Consler_Biochem_1989,Fig3B,PEP,0.14462804,0.001931972,2.00E-03,0,0.00E+00,0.00E+00,2.00E-03,7.4,0.08,rabbit,1.931971536,0.159090844,1.1,
Consler_Biochem_1989,Fig3B,PEP,0.372955611,0.002961002,2.00E-03,0,0.00E+00,0.00E+00,2.00E-03,7.4,0.08,rabbit,2.96100204,0.410251172,1.1,
Consler_Biochem_1989,Fig3B,PEP,0.579914257,0.004111173,2.00E-03,0,0.00E+00,0.00E+00,2.00E-03,7.4,0.08,rabbit,4.111172816,0.637905683,1.1,
Consler_Biochem_1989,Fig3B,PEP,0.747713546,0.006272908,2.00E-03,0,0.00E+00,0.00E+00,2.00E-03,7.4,0.08,rabbit,6.272908028,0.822484901,1.1,
Consler_Biochem_1989,Fig3B,PEP,0.799306066,0.008190003,2.00E-03,0,0.00E+00,0.00E+00,2.00E-03,7.4,0.08,rabbit,8.190003194,0.879236672,1.1,
Consler_Biochem_1989,Fig3B,PEP,0.823814017,0.009971744,2.00E-03,0,0.00E+00,0.00E+00,2.00E-03,7.4,0.08,rabbit,9.971743528,0.906195419,1.1,
Friesen_Biochem_1998,Fig3AB,PEP,0.069991271,1.79399E-05,4.00E-03,0,0.00E+00,1.00E-05,2.00E-03,7.4,0.08,rabbit,0.017939863,0.013998254,0.2,
Friesen_Biochem_1998,Fig3AB,PEP,0.216265985,3.87725E-05,4.00E-03,0,0.00E+00,1.00E-05,2.00E-03,7.4,0.08,rabbit,0.038772532,0.043253197,0.2,
Friesen_Biochem_1998,Fig3AB,PEP,0.396438789,5.95542E-05,4.00E-03,0,0.00E+00,1.00E-05,2.00E-03,7.4,0.08,rabbit,0.059554227,0.079287758,0.2,
Friesen_Biochem_1998,Fig3AB,PEP,0.483474682,0.000100025,4.00E-03,0,0.00E+00,1.00E-05,2.00E-03,7.4,0.08,rabbit,0.10002485,0.096694936,0.2,
Friesen_Biochem_1998,Fig3AB,PEP,0.636442995,0.000200547,4.00E-03,0,0.00E+00,1.00E-05,2.00E-03,7.4,0.08,rabbit,0.200546702,0.127288599,0.2,
Friesen_Biochem_1998,Fig3AB,PEP,0.725648492,0.000253044,4.00E-03,0,0.00E+00,1.00E-05,2.00E-03,7.4,0.08,rabbit,0.253044138,0.145129698,0.2,
Friesen_Biochem_1998,Fig3AB,PEP,0.751269585,0.000299622,4.00E-03,0,0.00E+00,1.00E-05,2.00E-03,7.4,0.08,rabbit,0.299622151,0.150253917,0.2,
Friesen_Biochem_1998,Fig3AB,PEP,0.806768149,0.000397283,4.00E-03,0,0.00E+00,1.00E-05,2.00E-03,7.4,0.08,rabbit,0.397283055,0.16135363,0.2,
Friesen_Biochem_1998,Fig3AB,PEP,0.822038218,0.000501019,4.00E-03,0,0.00E+00,1.00E-05,2.00E-03,7.4,0.08,rabbit,0.501019491,0.164407644,0.2,
Friesen_Biochem_1998,Fig3AB,PEP,0.835814096,0.000752127,4.00E-03,0,0.00E+00,1.00E-05,2.00E-03,7.4,0.08,rabbit,0.752126595,0.167162819,0.2,
Friesen_Biochem_1998,Fig3AB,PEP,0.072237338,4.80117E-05,4.00E-03,0,0.00E+00,0.00E+00,0.00E+00,7.4,0.08,rabbit,0.048011673,0.014447468,0.2,
Friesen_Biochem_1998,Fig3AB,PEP,0.227120383,0.00010041,4.00E-03,0,0.00E+00,0.00E+00,0.00E+00,7.4,0.08,rabbit,0.100410345,0.045424077,0.2,
Friesen_Biochem_1998,Fig3AB,PEP,0.384109315,0.000149798,4.00E-03,0,0.00E+00,0.00E+00,0.00E+00,7.4,0.08,rabbit,0.149798332,0.076821863,0.2,
Friesen_Biochem_1998,Fig3AB,PEP,0.536759037,0.000175133,4.00E-03,0,0.00E+00,0.00E+00,0.00E+00,7.4,0.08,rabbit,0.175132693,0.107351807,0.2,
Friesen_Biochem_1998,Fig3AB,PEP,0.594070383,0.00020061,4.00E-03,0,0.00E+00,0.00E+00,0.00E+00,7.4,0.08,rabbit,0.20061042,0.118814077,0.2,
Friesen_Biochem_1998,Fig3AB,PEP,0.681342033,0.00029672,4.00E-03,0,0.00E+00,0.00E+00,0.00E+00,7.4,0.08,rabbit,0.296719786,0.136268407,0.2,
Friesen_Biochem_1998,Fig3AB,PEP,0.772870059,0.000397334,4.00E-03,0,0.00E+00,0.00E+00,0.00E+00,7.4,0.08,rabbit,0.39733403,0.154574012,0.2,
Friesen_Biochem_1998,Fig3AB,PEP,0.794496021,0.000501061,4.00E-03,0,0.00E+00,0.00E+00,0.00E+00,7.4,0.08,rabbit,0.501060908,0.158899204,0.2,
Friesen_Biochem_1998,Fig3AB,PEP,0.850007328,0.000601729,4.00E-03,0,0.00E+00,0.00E+00,0.00E+00,7.4,0.08,rabbit,0.601729312,0.170001466,0.2,
Friesen_Biochem_1998,Fig3AB,PEP,0.831780733,0.000800253,4.00E-03,0,0.00E+00,0.00E+00,0.00E+00,7.4,0.08,rabbit,0.800252961,0.166356147,0.2,
Friesen_Biochem_1998,Fig3AB,PEP,0.066666667,0.000452997,4.00E-03,0,0.00E+00,0.00E+00,1.00E-03,7.4,0.08,rabbit,0.452996845,0.013333333,0.2,
Friesen_Biochem_1998,Fig3AB,PEP,0.1,0.00071735,4.00E-03,0,0.00E+00,0.00E+00,1.00E-03,7.4,0.08,rabbit,0.717350158,0.02,0.2,
Friesen_Biochem_1998,Fig3AB,PEP,0.175555556,0.000980904,4.00E-03,0,0.00E+00,0.00E+00,1.00E-03,7.4,0.08,rabbit,0.980904311,0.035111111,0.2,
Friesen_Biochem_1998,Fig3AB,PEP,0.406666667,0.001506498,4.00E-03,0,0.00E+00,0.00E+00,1.00E-03,7.4,0.08,rabbit,1.506498423,0.081333333,0.2,
Friesen_Biochem_1998,Fig3AB,PEP,0.555555556,0.001976866,4.00E-03,0,0.00E+00,0.00E+00,1.00E-03,7.4,0.08,rabbit,1.976866456,0.111111111,0.2,
Friesen_Biochem_1998,Fig3AB,PEP,0.613333333,0.002524669,4.00E-03,0,0.00E+00,0.00E+00,1.00E-03,7.4,0.08,rabbit,2.52466877,0.122666667,0.2,
Friesen_Biochem_1998,Fig3AB,PEP,0.668888889,0.002996803,4.00E-03,0,0.00E+00,0.00E+00,1.00E-03,7.4,0.08,rabbit,2.996803365,0.133777778,0.2,
Friesen_Biochem_1998,Fig3AB,PEP,0.704444444,0.003450389,4.00E-03,0,0.00E+00,0.00E+00,1.00E-03,7.4,0.08,rabbit,3.450389064,0.140888889,0.2,
Friesen_Biochem_1998,Fig3AB,PEP,0.724444444,0.003942124,4.00E-03,0,0.00E+00,0.00E+00,1.00E-03,7.4,0.08,rabbit,3.94212408,0.144888889,0.2,
Friesen_Biochem_1998,Fig3AB,PEP,0.791111111,0.004962944,4.00E-03,0,0.00E+00,0.00E+00,1.00E-03,7.4,0.08,rabbit,4.962944269,0.158222222,0.2,
Friesen_Biochem_1998,Fig3AB,PEP,0.833333333,0.005984227,4.00E-03,0,0.00E+00,0.00E+00,1.00E-03,7.4,0.08,rabbit,5.984227129,0.166666667,0.2,
Friesen_Biochem_1998,Fig3AB,PEP,0.86,0.008046814,4.00E-03,0,0.00E+00,0.00E+00,1.00E-03,7.4,0.08,rabbit,8.04681388,0.172,0.2,
Friesen_Biochem_1998,Fig3AB,PEP,0.857777778,0.010034238,4.00E-03,0,0.00E+00,0.00E+00,1.00E-03,7.4,0.08,rabbit,10.03423764,0.171555556,0.2,
Friesen_Biochem_1998,Fig3AB,PEP,0.066666667,0.000736909,4.00E-03,0,0.00E+00,0.00E+00,2.00E-03,7.4,0.08,rabbit,0.736908517,0.013333333,0.2,
Friesen_Biochem_1998,Fig3AB,PEP,0.104444444,0.00098225,4.00E-03,0,0.00E+00,0.00E+00,2.00E-03,7.4,0.08,rabbit,0.982250263,0.020888889,0.2,
Friesen_Biochem_1998,Fig3AB,PEP,0.137777778,0.001511588,4.00E-03,0,0.00E+00,0.00E+00,2.00E-03,7.4,0.08,rabbit,1.511587802,0.027555556,0.2,
Friesen_Biochem_1998,Fig3AB,PEP,0.244444444,0.001963828,4.00E-03,0,0.00E+00,0.00E+00,2.00E-03,7.4,0.08,rabbit,1.96382755,0.048888889,0.2,
Friesen_Biochem_1998,Fig3AB,PEP,0.313333333,0.002492492,4.00E-03,0,0.00E+00,0.00E+00,2.00E-03,7.4,0.08,rabbit,2.492492114,0.062666667,0.2,
Friesen_Biochem_1998,Fig3AB,PEP,0.377777778,0.003002313,4.00E-03,0,0.00E+00,0.00E+00,2.00E-03,7.4,0.08,rabbit,3.002313354,0.075555556,0.2,
Friesen_Biochem_1998,Fig3AB,PEP,0.488888889,0.003473396,4.00E-03,0,0.00E+00,0.00E+00,2.00E-03,7.4,0.08,rabbit,3.473396425,0.097777778,0.2,
Friesen_Biochem_1998,Fig3AB,PEP,0.591111111,0.003944648,4.00E-03,0,0.00E+00,0.00E+00,2.00E-03,7.4,0.08,rabbit,3.944647739,0.118222222,0.2,
Friesen_Biochem_1998,Fig3AB,PEP,0.662222222,0.004946456,4.00E-03,0,0.00E+00,0.00E+00,2.00E-03,7.4,0.08,rabbit,4.946456362,0.132444444,0.2,
Friesen_Biochem_1998,Fig3AB,PEP,0.733333333,0.00598612,4.00E-03,0,0.00E+00,0.00E+00,2.00E-03,7.4,0.08,rabbit,5.986119874,0.146666667,0.2,
Friesen_Biochem_1998,Fig3AB,PEP,0.764444444,0.006988686,4.00E-03,0,0.00E+00,0.00E+00,2.00E-03,7.4,0.08,rabbit,6.988685594,0.152888889,0.2,
Friesen_Biochem_1998,Fig3AB,PEP,0.782222222,0.008048286,4.00E-03,0,0.00E+00,0.00E+00,2.00E-03,7.4,0.08,rabbit,8.048286015,0.156444444,0.2,
Friesen_Biochem_1998,Fig3AB,PEP,0.757777778,0.010017203,4.00E-03,0,0.00E+00,0.00E+00,2.00E-03,7.4,0.08,rabbit,10.01720294,0.151555556,0.2,
Kerson_JBC_1967,Fig5,Pyruvate,-1.91871E-05,0,0.00E+00,0.11641112,1.16E-05,0.00E+00,0.00E+00,,,,8.590244608,1.824142423,0.35,muscle enzyme
Kerson_JBC_1967,Fig5,Pyruvate,-4.51714E-06,0,0.00E+00,0.025284538,1.00E-06,0.00E+00,0.00E+00,,,,39.5498625,7.748263135,0.35,muscle enzyme
Kerson_JBC_1967,Fig5,Pyruvate,-2.19044E-06,0,0.00E+00,0.012656164,1.00E-06,0.00E+00,0.00E+00,,,,79.01288175,15.9785063,0.35,muscle enzyme
Kerson_JBC_1967,Fig5,Pyruvate,-8.38108E-05,0,0.00E+00,0.118507719,1.00E-05,0.00E+00,0.00E+00,,,,8.438268925,0.417607469,0.35,muscle enzyme
Kerson_JBC_1967,Fig5,Pyruvate,-3.13272E-05,0,0.00E+00,0.025828037,1.00E-05,0.00E+00,0.00E+00,,,,38.71761471,1.117238385,0.35,muscle enzyme
Kerson_JBC_1967,Fig5,Pyruvate,-1.82944E-05,0,0.00E+00,0.012904371,1.00E-05,0.00E+00,0.00E+00,,,,77.49312491,1.913156752,0.35,muscle enzyme
Kerson_JBC_1967,Fig5,Pyruvate,-9.66661E-06,0,0.00E+00,0.009122599,1.00E-05,0.00E+00,0.00E+00,,,,109.6178897,3.620712115,0.35,muscle enzyme
Kerson_JBC_1967,Fig5,Pyruvate,-9.67821E-06,0,0.00E+00,0.006659598,1.00E-05,0.00E+00,0.00E+00,,,,150.1592126,3.616369952,0.35,muscle enzyme
Kerson_JBC_1967,Fig5,Pyruvate,-8.8772E-05,0,0.00E+00,0.025741431,1.00E-04,0.00E+00,0.00E+00,,,,38.84787958,0.394268346,0.35,muscle enzyme
Kerson_JBC_1967,Fig5,Pyruvate,-6.39215E-05,0,0.00E+00,0.012863526,1.00E-04,0.00E+00,0.00E+00,,,,77.73918078,0.547546678,0.35,muscle enzyme
Kerson_JBC_1967,Fig5,Pyruvate,-3.96093E-05,0,0.00E+00,0.00667375,1.00E-04,0.00E+00,0.00E+00,,,,149.8407874,0.883630048,0.35,muscle enzyme
Kerson_JBC_1967,Fig6,ATP,-1.08358E-05,0,0.00E+00,1.25E-03,9.12E-05,0.00E+00,0.00E+00,,,,1.096955164,3.230032122,0.35,muscle enzyme
Kerson_JBC_1967,Fig6,ATP,-3.84612E-06,0,0.00E+00,1.25E-03,1.95E-05,0.00E+00,0.00E+00,,,,5.132696919,9.100085961,0.35,muscle enzyme
Kerson_JBC_1967,Fig6,ATP,-2.06303E-06,0,0.00E+00,1.25E-03,9.82E-06,0.00E+00,0.00E+00,,,,10.18640004,16.96534407,0.35,muscle enzyme
Kerson_JBC_1967,Fig6,ATP,-6.70798E-05,0,0.00E+00,1.25E-02,9.79E-05,0.00E+00,0.00E+00,,,,1.021309325,0.521766276,0.35,muscle enzyme
Kerson_JBC_1967,Fig6,ATP,-2.97859E-05,0,0.00E+00,1.25E-02,1.97E-05,0.00E+00,0.00E+00,,,,5.068904674,1.17505316,0.35,muscle enzyme
Kerson_JBC_1967,Fig6,ATP,-1.79329E-05,0,0.00E+00,1.25E-02,9.90E-06,0.00E+00,0.00E+00,,,,10.09781478,1.951716961,0.35,muscle enzyme
Kerson_JBC_1967,Fig6,ATP,-1.04625E-05,0,0.00E+00,1.25E-02,4.99E-06,0.00E+00,0.00E+00,,,,20.03329865,3.345265349,0.35,muscle enzyme
Kerson_JBC_1967,Fig6,ATP,-0.000144033,0,0.00E+00,1.25E-01,9.78E-05,0.00E+00,0.00E+00,,,,1.022033208,0.243,0.35,muscle enzyme
Kerson_JBC_1967,Fig6,ATP,-0.000103362,0,0.00E+00,1.25E-01,1.99E-05,0.00E+00,0.00E+00,,,,5.029905443,0.338614668,0.35,muscle enzyme
Kerson_JBC_1967,Fig6,ATP,-7.98849E-05,0,0.00E+00,1.25E-01,9.98E-06,0.00E+00,0.00E+00,,,,10.01945437,0.438130571,0.35,muscle enzyme
Kerson_JBC_1967,Fig6,ATP,-5.85931E-05,0,0.00E+00,1.25E-01,5.00E-06,0.00E+00,0.00E+00,,,,19.99864272,0.597339728,0.35,muscle enzyme
Giles_BiochemJ_1976,Fig2,Pyruvate,-3.4444E-05,0,0.00E+00,0.050029066,1.35E-04,0.00E+00,0.00E+00,7.4,0.125,rabbit,0.01998838,72.58168262,25,muscle enzyme
Giles_BiochemJ_1976,Fig2,Pyruvate,-3.39629E-05,0,0.00E+00,0.020325583,1.35E-04,0.00E+00,0.00E+00,7.4,0.125,rabbit,0.049199082,73.60980468,25,muscle enzyme
Giles_BiochemJ_1976,Fig2,Pyruvate,-2.61535E-05,0,0.00E+00,0.009928447,1.35E-04,0.00E+00,0.00E+00,7.4,0.125,rabbit,0.100720688,95.58941515,25,muscle enzyme
Giles_BiochemJ_1976,Fig2,Pyruvate,-2.01996E-05,0,0.00E+00,0.006943743,1.35E-04,0.00E+00,0.00E+00,7.4,0.125,rabbit,0.144014552,123.7647319,25,muscle enzyme
Giles_BiochemJ_1976,Fig2,Pyruvate,-1.66662E-05,0,0.00E+00,0.004937337,1.35E-04,0.00E+00,0.00E+00,7.4,0.125,rabbit,0.202538317,150.0041498,25,muscle enzyme
Giles_BiochemJ_1976,Fig2,Pyruvate,-5.74786E-05,0,0.00E+00,0.053776687,2.70E-04,0.00E+00,0.00E+00,7.4,0.125,rabbit,0.018595419,43.49443922,25,muscle enzyme
Giles_BiochemJ_1976,Fig2,Pyruvate,-4.83416E-05,0,0.00E+00,0.020104007,2.70E-04,0.00E+00,0.00E+00,7.4,0.125,rabbit,0.049741327,51.71526587,25,muscle enzyme
Giles_BiochemJ_1976,Fig2,Pyruvate,-4.03695E-05,0,0.00E+00,0.010005675,2.70E-04,0.00E+00,0.00E+00,7.4,0.125,rabbit,0.099943286,61.92801416,25,muscle enzyme
Giles_BiochemJ_1976,Fig2,Pyruvate,-3.31577E-05,0,0.00E+00,0.006984464,2.70E-04,0.00E+00,0.00E+00,7.4,0.125,rabbit,0.143174902,75.39734687,25,muscle enzyme
Giles_BiochemJ_1976,Fig2,Pyruvate,-2.76168E-05,0,0.00E+00,0.004974711,2.70E-04,0.00E+00,0.00E+00,7.4,0.125,rabbit,0.20101671,90.52453937,25,muscle enzyme
Giles_BiochemJ_1976,Fig2,Pyruvate,-6.26556E-05,0,0.00E+00,0.05204233,5.40E-04,0.00E+00,0.00E+00,7.4,0.125,rabbit,0.019215128,39.90068057,25,muscle enzyme
Giles_BiochemJ_1976,Fig2,Pyruvate,-6.31382E-05,0,0.00E+00,0.030724638,5.40E-04,0.00E+00,0.00E+00,7.4,0.125,rabbit,0.03254717,39.59566757,25,muscle enzyme
Giles_BiochemJ_1976,Fig2,Pyruvate,-5.53364E-05,0,0.00E+00,0.020375423,5.40E-04,0.00E+00,0.00E+00,7.4,0.125,rabbit,0.049078736,45.17823549,25,muscle enzyme
Giles_BiochemJ_1976,Fig2,Pyruvate,-4.79635E-05,0,0.00E+00,0.010073855,5.40E-04,0.00E+00,0.00E+00,7.4,0.125,rabbit,0.099266862,52.12298733,25,muscle enzyme
Giles_BiochemJ_1976,Fig2,Pyruvate,-3.81142E-05,0,0.00E+00,0.007017619,5.40E-04,0.00E+00,0.00E+00,7.4,0.125,rabbit,0.142498478,65.59232004,25,muscle enzyme
Giles_BiochemJ_1976,Fig2,Pyruvate,-3.16109E-05,0,0.00E+00,0.004975909,5.40E-04,0.00E+00,0.00E+00,7.4,0.125,rabbit,0.200968295,79.08655176,25,muscle enzyme
Giles_BiochemJ_1976,Fig2,Pyruvate,-8.13E-05,0,0.00E+00,0.052147443,1.08E-03,0.00E+00,0.00E+00,7.4,0.125,rabbit,0.019176396,30.75029049,25,muscle enzyme
Giles_BiochemJ_1976,Fig2,Pyruvate,-7.41548E-05,0,0.00E+00,0.03074816,1.08E-03,0.00E+00,0.00E+00,7.4,0.125,rabbit,0.032522271,33.71327394,25,muscle enzyme
Giles_BiochemJ_1976,Fig2,Pyruvate,-6.87709E-05,0,0.00E+00,0.020932967,1.08E-03,0.00E+00,0.00E+00,7.4,0.125,rabbit,0.047771538,36.35257013,25,muscle enzyme
Giles_BiochemJ_1976,Fig2,Pyruvate,-5.15164E-05,0,0.00E+00,0.0100754,1.08E-03,0.00E+00,0.00E+00,7.4,0.125,rabbit,0.099251646,48.52819122,25,muscle enzyme
Giles_BiochemJ_1976,Fig2,Pyruvate,-4.14157E-05,0,0.00E+00,0.007018709,1.08E-03,0.00E+00,0.00E+00,7.4,0.125,rabbit,0.142476346,60.3635257,25,muscle enzyme
Giles_BiochemJ_1976,Fig2,Pyruvate,-3.43042E-05,0,0.00E+00,0.00497656,1.08E-03,0.00E+00,0.00E+00,7.4,0.125,rabbit,0.200942013,72.87735849,25,muscle enzyme
Dyson_JBC_1975,Fig2B,Pyruvate,-2.89959E-05,0,0.00E+00,0.001370962,1.35E-03,0.00E+00,0.00E+00,7.5,0.11,rabbit,1.370962095,0.579917872,2,muscle enzyme
Dyson_JBC_1975,Fig2B,Pyruvate,-4.50441E-05,0,0.00E+00,0.002367243,1.35E-03,0.00E+00,0.00E+00,7.5,0.11,rabbit,2.367242878,0.900882645,2,muscle enzyme
Dyson_JBC_1975,Fig2B,Pyruvate,-7.15148E-05,0,0.00E+00,0.004778186,1.35E-03,0.00E+00,0.00E+00,7.5,0.11,rabbit,4.778185533,1.43029659,2,muscle enzyme
Dyson_JBC_1975,Fig2B,Pyruvate,-9.60666E-05,0,0.00E+00,0.009657774,1.35E-03,0.00E+00,0.00E+00,7.5,0.11,rabbit,9.657774318,1.921332164,2,muscle enzyme
Dyson_JBC_1975,Fig2B,Pyruvate,-1.73806E-05,0,0.00E+00,0.000949904,9.60E-04,0.00E+00,0.00E+00,7.5,0.11,rabbit,0.949903828,0.347612987,2,muscle enzyme
Dyson_JBC_1975,Fig2B,Pyruvate,-2.71289E-05,0,0.00E+00,0.001448312,9.60E-04,0.00E+00,0.00E+00,7.5,0.11,rabbit,1.448311937,0.542577422,2,muscle enzyme
Dyson_JBC_1975,Fig2B,Pyruvate,-4.07961E-05,0,0.00E+00,0.002397639,9.60E-04,0.00E+00,0.00E+00,7.5,0.11,rabbit,2.397639141,0.815921382,2,muscle enzyme
Dyson_JBC_1975,Fig2B,Pyruvate,-6.03745E-05,0,0.00E+00,0.004776456,9.60E-04,0.00E+00,0.00E+00,7.5,0.11,rabbit,4.776455664,1.207489508,2,muscle enzyme
Dyson_JBC_1975,Fig2B,Pyruvate,-8.9968E-05,0,0.00E+00,0.009641299,9.60E-04,0.00E+00,0.00E+00,7.5,0.11,rabbit,9.641299378,1.799359949,2,muscle enzyme
Dyson_JBC_1975,Fig2B,Pyruvate,-1.49893E-05,0,0.00E+00,0.000980588,6.80E-04,0.00E+00,0.00E+00,7.5,0.11,rabbit,0.980588402,0.299786238,2,muscle enzyme
Dyson_JBC_1975,Fig2B,Pyruvate,-2.12996E-05,0,0.00E+00,0.001400823,6.80E-04,0.00E+00,0.00E+00,7.5,0.11,rabbit,1.400822923,0.425992512,2,muscle enzyme
Dyson_JBC_1975,Fig2B,Pyruvate,-3.33712E-05,0,0.00E+00,0.002380958,6.80E-04,0.00E+00,0.00E+00,7.5,0.11,rabbit,2.380958265,0.667424514,2,muscle enzyme
Dyson_JBC_1975,Fig2B,Pyruvate,-5.13561E-05,0,0.00E+00,0.004775055,6.80E-04,0.00E+00,0.00E+00,7.5,0.11,rabbit,4.775055294,1.027121869,2,muscle enzyme
Dyson_JBC_1975,Fig2B,Pyruvate,-6.92767E-05,0,0.00E+00,0.009653614,6.80E-04,0.00E+00,0.00E+00,7.5,0.11,rabbit,9.653614396,1.385534179,2,muscle enzyme
Dyson_JBC_1975,Fig2B,Pyruvate,-1.36651E-05,0,0.00E+00,0.000964855,4.80E-04,0.00E+00,0.00E+00,7.5,0.11,rabbit,0.964854835,0.273302772,2,muscle enzyme
Dyson_JBC_1975,Fig2B,Pyruvate,-1.99734E-05,0,0.00E+00,0.001400617,4.80E-04,0.00E+00,0.00E+00,7.5,0.11,rabbit,1.400616986,0.399467859,2,muscle enzyme
Dyson_JBC_1975,Fig2B,Pyruvate,-2.91252E-05,0,0.00E+00,0.002395827,4.80E-04,0.00E+00,0.00E+00,7.5,0.11,rabbit,2.395826898,0.582504438,2,muscle enzyme
Dyson_JBC_1975,Fig2B,Pyruvate,-4.73733E-05,0,0.00E+00,0.004805493,4.80E-04,0.00E+00,0.00E+00,7.5,0.11,rabbit,4.805492745,0.947465536,2,muscle enzyme
Dyson_JBC_1975,Fig2B,Pyruvate,-5.99951E-05,0,0.00E+00,0.009636645,4.80E-04,0.00E+00,0.00E+00,7.5,0.11,rabbit,9.636645208,1.199902798,2,muscle enzyme
Dyson_JBC_1975,Fig2B,Pyruvate,-9.15801E-06,0,0.00E+00,0.000948627,3.40E-04,0.00E+00,0.00E+00,7.5,0.11,rabbit,0.94862702,0.183160141,2,muscle enzyme
Dyson_JBC_1975,Fig2B,Pyruvate,-1.17528E-05,0,0.00E+00,0.001383813,3.40E-04,0.00E+00,0.00E+00,7.5,0.11,rabbit,1.383812548,0.2350562,2,muscle enzyme
Dyson_JBC_1975,Fig2B,Pyruvate,-2.24961E-05,0,0.00E+00,0.00237927,3.40E-04,0.00E+00,0.00E+00,7.5,0.11,rabbit,2.379269584,0.449922362,2,muscle enzyme
Dyson_JBC_1975,Fig2B,Pyruvate,-3.14585E-05,0,0.00E+00,0.004803022,3.40E-04,0.00E+00,0.00E+00,7.5,0.11,rabbit,4.803021504,0.629169704,2,muscle enzyme
Dyson_JBC_1975,Fig2B,Pyruvate,-4.16931E-05,0,0.00E+00,0.009633803,3.40E-04,0.00E+00,0.00E+00,7.5,0.11,rabbit,9.633803281,0.833862591,2,muscle enzyme
Dyson_JBC_1975,Fig3B,ATP,-4.20294E-05,0,0.00E+00,9.70E-03,0.000332579,0.00E+00,0.00E+00,7.5,0.11,rabbit,0.332579186,0.840587425,2,muscle enzyme
Dyson_JBC_1975,Fig3B,ATP,-5.96058E-05,0,0.00E+00,9.70E-03,0.000470588,0.00E+00,0.00E+00,7.5,0.11,rabbit,0.470588235,1.192116744,2,muscle enzyme
Dyson_JBC_1975,Fig3B,ATP,-6.89681E-05,0,0.00E+00,9.70E-03,0.000667421,0.00E+00,0.00E+00,7.5,0.11,rabbit,0.667420814,1.379361424,2,muscle enzyme
Dyson_JBC_1975,Fig3B,ATP,-8.97953E-05,0,0.00E+00,9.70E-03,0.000950226,0.00E+00,0.00E+00,7.5,0.11,rabbit,0.950226244,1.795905614,2,muscle enzyme
Dyson_JBC_1975,Fig3B,ATP,-9.52159E-05,0,0.00E+00,9.70E-03,0.001352941,0.00E+00,0.00E+00,7.5,0.11,rabbit,1.352941176,1.904317737,2,muscle enzyme
Dyson_JBC_1975,Fig3B,ATP,-3.12877E-05,0,0.00E+00,4.80E-03,0.000332579,0.00E+00,0.00E+00,7.5,0.11,rabbit,0.332579186,0.625753666,2,muscle enzyme
Dyson_JBC_1975,Fig3B,ATP,-4.75865E-05,0,0.00E+00,4.80E-03,0.000468326,0.00E+00,0.00E+00,7.5,0.11,rabbit,0.468325792,0.951730682,2,muscle enzyme
Dyson_JBC_1975,Fig3B,ATP,-5.05526E-05,0,0.00E+00,4.80E-03,0.000669683,0.00E+00,0.00E+00,7.5,0.11,rabbit,0.669683258,1.011051834,2,muscle enzyme
Dyson_JBC_1975,Fig3B,ATP,-5.98708E-05,0,0.00E+00,4.80E-03,0.000952489,0.00E+00,0.00E+00,7.5,0.11,rabbit,0.952488688,1.197416996,2,muscle enzyme
Dyson_JBC_1975,Fig3B,ATP,-6.98997E-05,0,0.00E+00,4.80E-03,0.001346154,0.00E+00,0.00E+00,7.5,0.11,rabbit,1.346153846,1.397993311,2,muscle enzyme
Dyson_JBC_1975,Fig3B,ATP,-2.31024E-05,0,0.00E+00,2.40E-03,0.000334842,0.00E+00,0.00E+00,7.5,0.11,rabbit,0.334841629,0.462047656,2,muscle enzyme
Dyson_JBC_1975,Fig3B,ATP,-2.86595E-05,0,0.00E+00,2.40E-03,0.000470588,0.00E+00,0.00E+00,7.5,0.11,rabbit,0.470588235,0.573190913,2,muscle enzyme
Dyson_JBC_1975,Fig3B,ATP,-3.29055E-05,0,0.00E+00,2.40E-03,0.000669683,0.00E+00,0.00E+00,7.5,0.11,rabbit,0.669683258,0.658110657,2,muscle enzyme
Dyson_JBC_1975,Fig3B,ATP,-4.0945E-05,0,0.00E+00,2.40E-03,0.000952489,0.00E+00,0.00E+00,7.5,0.11,rabbit,0.952488688,0.818900371,2,muscle enzyme
Dyson_JBC_1975,Fig3B,ATP,-4.48323E-05,0,0.00E+00,2.40E-03,0.001352941,0.00E+00,0.00E+00,7.5,0.11,rabbit,1.352941176,0.896645103,2,muscle enzyme
Dyson_JBC_1975,Fig3B,ATP,-1.21049E-05,0,0.00E+00,1.40E-03,0.000334842,0.00E+00,0.00E+00,7.5,0.11,rabbit,0.334841629,0.242098807,2,muscle enzyme
Dyson_JBC_1975,Fig3B,ATP,-2.04731E-05,0,0.00E+00,1.40E-03,0.000475113,0.00E+00,0.00E+00,7.5,0.11,rabbit,0.475113122,0.409461758,2,muscle enzyme
Dyson_JBC_1975,Fig3B,ATP,-2.13966E-05,0,0.00E+00,1.40E-03,0.000669683,0.00E+00,0.00E+00,7.5,0.11,rabbit,0.669683258,0.427931629,2,muscle enzyme
Dyson_JBC_1975,Fig3B,ATP,-2.8413E-05,0,0.00E+00,1.40E-03,0.000952489,0.00E+00,0.00E+00,7.5,0.11,rabbit,0.952488688,0.568260985,2,muscle enzyme
Dyson_JBC_1975,Fig3B,ATP,-2.74421E-05,0,0.00E+00,1.40E-03,0.001350679,0.00E+00,0.00E+00,7.5,0.11,rabbit,1.350678733,0.548842161,2,muscle enzyme
Dyson_JBC_1975,Fig3B,ATP,-9.03704E-06,0,0.00E+00,9.70E-04,0.000332579,0.00E+00,0.00E+00,7.5,0.11,rabbit,0.332579186,0.180740878,2,muscle enzyme
Dyson_JBC_1975,Fig3B,ATP,-1.35689E-05,0,0.00E+00,9.70E-04,0.000472851,0.00E+00,0.00E+00,7.5,0.11,rabbit,0.472850679,0.271377487,2,muscle enzyme
Dyson_JBC_1975,Fig3B,ATP,-1.42355E-05,0,0.00E+00,9.70E-04,0.000669683,0.00E+00,0.00E+00,7.5,0.11,rabbit,0.669683258,0.284709123,2,muscle enzyme
Dyson_JBC_1975,Fig3B,ATP,-1.63937E-05,0,0.00E+00,9.70E-04,0.000950226,0.00E+00,0.00E+00,7.5,0.11,rabbit,0.950226244,0.327874923,2,muscle enzyme
Dyson_JBC_1975,Fig3B,ATP,-1.56774E-05,0,0.00E+00,9.70E-04,0.001350679,0.00E+00,0.00E+00,7.5,0.11,rabbit,1.350678733,0.313548044,2,muscle enzyme